Human_population,Urban_&_built-up_areas,Elevation,Herbaceous_vegetation,Cultivated_managed_vegetation,Regularly_flooded_vegetation,Culex_q_map,Culicoides_map,A_aegypti,Soil_moisture_AM,Deciduous_broadleaf_trees,Evergreen_broadleaf_trees,Mixed_trees,Grasslands,Shrublands,Savannas,Woody_savannas,Cropland_&_natural_vegetation,Croplands_2019,Banana_harvested_area,Cassava_harvested_area,Cocoa_harvested_area,Coffee_harvested_area,Maize_harvested_area,Soybean_harvested_area,Sugarcane_harvested_area,Cattle_production,Forest_loss_2020-2023,Waterbodies,Precipitation_mean_2023,Annual_mean_temperature_2020
0,0,-25,0,0,0,0,0,-0.0424972176551819,0,0,0,0,0,0,0,0,0,0,0,0,0,0,0,0,0,-0.717543601989746,0,1,-0.0905585289001465,-0.0149993896484375
0,0,2,0,0,0,0,0,0,0,0,0,0,0,0,0,0,0,0,0,0,0,0,0,0,0,0,0,0,0,-0.0383338928222656
0,0,0,0,0,0,0,0,0,0,0,0,0,0,0,0,0,0,0,0,0,0,0,0,0,0,0,0,-1,0,0
0,0,18,0,0,0,0,0,0.0317758321762085,0,0,0,0,0,0,0,0,0,0,0,0,0,0,0,0,0,0.5616774559021,0,0,0,0.0233325958251953
0,0,-8,0,0,0,0.0676457807421684,0.00800000131130219,-0.106788814067841,0.0293228626251221,0,0,0,0,0,0,0,0,0,0,0,0,0,0,0,0,100.167258739471,0.000300000014249235,0,0.50645637512207,0.441665649414062
0,0,22,0,0,0,0,0,0.0317758321762085,0,0,0,0,0,0,0,0,0,0,0,0,0,0,0,0,0,0.5616774559021,0,-1,0,0.0383338928222656
0,0,-13,0,0,0,0.00238089263439178,0.046999990940094,-0.38045871257782,-0.0391618013381958,0,0,0,0,0,0,0,0,0,0,0,0,0,0,0,0,-3.45148205757141,0,0,1.2349157333374,-0.0500011444091797
0,0,0,0,0,0,0,0,0,0,0,0,0,0,0,0,0,0,0,0,0,0,0,0,0,0,0,0,0,0,0
0,0,0,0,0,0,0,0,0,0,0,0,0,0,0,0,0,0,0,0,0,0,0,0,0,0,0,0,0,0,0.0266666412353516
0,0,0,0,0,0,0,0,0,0,0,0,0,0,0,0,0,0,0,0,0,0,0,0,0,0,0,0,0,0,-0.0183334350585938
0,0,-4,0,0,0,0,0,0,0,0,0,0,0,0,0,0,0,0,0,0,0,0,0,0,0,0,0,0,0,0
0,0,0,0,0,0,0,0,0,0,0,0,0,0,0,0,0,0,0,0,0,0,0,0,0,0,0,0,0,0,0
0,0,0,0,0,0,0,0,0,-0.0384284853935242,0,0,0,0,0,0,0,0,0,0,0,0,0,0,0,0,0,0,0,0,0.00499916076660156
0,0,-9,0,0,20,0.157649032771587,-0.0460000038146973,-0.1689413189888,-0.0534721612930298,0,-20,0,0,0,0,0,0,0,0,0,0,0,0,0,0,362.240217208862,0,44,-2.84520769119263,-0.135000228881836
0,0,0,0,0,0,0,0,0,0,0,0,0,0,0,0,0,0,0,0,0,0,0,0,0,0,0,0,0,0,0
0,0,0,0,0,0,0,0,0,0,0,0,0,0,0,0,0,0,0,0,0,0,0,0,0,0,0,0,0,0,0.0183334350585938
0,0,5,0,0,0,0,0,0,0,0,0,0,0,0,0,0,0,0,0,0,0,0,0,0,0,0,0,-1,0,-0.0383338928222656
0,0,27,0,0,0,0.0081973522901535,0.00499999523162842,-0.159544706344604,-0.196019232273102,0,0,0,0,0,0,0,0,0,0,0,0,0,0,0,0,-3.71980887651443,0,0,1.21343946456909,-0.0966663360595703
0,0,1,0,0,0,0,0,-0.0257235765457153,0.124833822250366,0,0,0,0,0,0,0,0,0,0,0,0,0,0,0,0,0,0,0,0,0.073333740234375
19,0,-12,22,0,0,0.0244121924042702,0.0600000023841858,-0.155247449874878,-0.0190792083740234,0,-22,0,0,0,0,0,0,0,0,0,0,0,0,0,0,6.57807809114456,0,0,-1.48633432388306,-0.131668090820312
0,0,10,-22,0,0,0,0,0,0,0,22,0,0,0,0,0,0,0,0,0,0,0,0,0,0,0,0,0,0,0
0,0,0,0,0,0,0,0,0,0,0,0,0,0,0,0,0,0,0,0,0,0,0,0,0,0,0,0,0,0,-0.188333511352539
0,0,0,0,0,0,0,0,0,0,0,0,0,0,0,0,0,0,0,0,0,0,0,0,0,0,0,0,0,0,0.0433330535888672
0,0,0,0,0,0,0,0,0,0,0,0,0,0,0,0,0,0,0,0,0,0,0,0,0,0,0,0,0,0,0.145000457763672
0,0,0,0,0,0,0,0,0,0,0,0,0,0,0,0,0,0,0,0,0,0,0,0,0,0,0,0,0,0,-0.0433330535888672
0,0,0,0,0,0,0,0,0,0,0,0,0,0,0,0,0,0,0,0,0,0,0,0,0,0,0,0,0,0,0
0,0,0,0,0,0,0,0,0,0,0,0,0,0,0,0,0,0,0,0,0,0,0,0,0,0,0,0,0,0,0
0,0,0,0,0,0,0,0,0,0,0,0,0,0,0,0,0,0,0,0,0,0,0,0,0,0,0,0,0,0,0
0,0,-3,-22,0,0,0,0,0,0,0,22,0,0,0,0,0,0,0,0,0,0,0,0,0,0,0,0,5,0,0.0433330535888672
0,0,0,0,0,0,0,0,0,0,0,0,0,0,0,0,0,0,0,0,0,0,0,0,0,0,0,0,-5,0,0
0,0,0,0,0,0,0,0,0,0,0,0,0,0,0,0,0,0,0,0,0,0,0,0,0,0,0,0,0,0,0
0,0,0,0,0,0,0,0,0,0,0,0,0,0,0,0,0,0,0,0,0,0,0,0,0,0,0,0,0,0,0
0,0,-9,0,0,0,0,0.0349999964237213,0,0,0,0,0,0,0,0,0,0,0,0,0,0,0,0,0,0,0,0,5,0.120298862457275,0
0,0,0,0,0,0,0,0,0,0,0,0,0,0,0,0,0,0,0,0,0,0,0,0,0,0,0,0,12,0,0
0,0,0,0,0,0,0,0,0,0,0,0,0,0,0,0,0,0,0,0,0,0,0,0,0,0,0,0,0,0,0
51,0,30,0,0,0,-0.0263545736670494,-0.120000004768372,0.160965979099274,-0.0699466466903687,0,0,0,0,0,0,0,0,0,1.06871271133423,2.61760139465332,0,0,0,0,0,2.63326549530029,0,-17,0.0800366401672363,0.113334655761719
0,0,1,0,0,0,0,0,0,0.00593569874763489,0,0,0,0,0,0,0,0,0,0,0,0,0,0,0,0,0,0,0,0,0.0833339691162109
0,0,0,0,0,0,0,0,0,0,0,0,0,0,0,0,0,0,0,0,0,0,0,0,0,0,0,0,0,0,0
0,0,6,0,0,0,0,-0.0349999964237213,0,0,0,0,0,0,0,0,0,0,0,0,0,0,0,0,0,0,0,0,0,-0.120298862457275,0
0,0,0,0,0,0,0,0,0,0,0,0,0,0,0,0,0,0,0,0,0,0,0,0,0,0,0,0,5,0,0.130001068115234
0,0,0,0,0,0,0,0,0,0,0,0,0,0,0,0,0,0,0,0,0,0,0,0,0,0,0,0,0,0,0
0,0,0,0,0,0,0,0,0,0,0,0,0,0,0,0,0,0,0,0,0,0,0,0,0,0,0,0,-5,0,0.130001068115234
0,0,0,0,0,0,0,0,0,0,0,0,0,0,0,0,0,0,0,0,0,0,0,0,0,0,0,0,0,0,0
0,0,0,0,0,0,0,0,0,0,0,0,0,0,0,0,0,0,0,0,0,0,0,0,0,0,0,0,0,0,0.130001068115234
0,0,0,0,0,0,0,0,0,0,0,0,0,0,0,0,0,0,0,0,0,0,0,0,0,0,0,0,0,0,0
-19,0,28,0,0,0,-0.0223210975527763,-0.0879999995231628,-0.395798668265343,-0.0462718605995178,0,0,0,0,0,0,0,0,0,0,0,0,0,0,0,0,-6.49313676357269,0,-5,1.85901784896851,0.166666030883789
0,0,9,0,0,0,0,0,0,0,0,0,0,0,0,0,0,0,0,0,0,0,0,0,0,0,0,0,-5,0,0
-19,0,54,0,0,0,-0.0491160899400711,-0.164000000804663,0.25666868686676,-0.0659560859203339,0,0,0,0,0,0,0,0,0,0,0,0,0,0,0,0,1.23360347747803,0,-5,-1.38936805725098,0.226665496826172
0,0,12,0,0,0,0,0,-0.0735293030738831,0,0,0,0,0,0,0,0,0,0,0,0,0,0,0,0,0,0.121235847473145,0,0,0,0.0183334350585938
0,0,-5,0,0,0,0,0,0,0,0,0,0,0,0,0,0,0,0,0,0,0,0,0,0,0,0,0,0,0,-0.0116653442382812
0,0,-4,0,0,0,0,0,0,0,0,0,0,0,0,0,0,0,0,0,0,0,0,0,0,0,0,0,0,0,0
0,0,-3,0,0,0,0.0309632197022438,-0.00200000032782555,0.0617818236351013,0.0198558270931244,0,0,0,0,0,0,0,0,0,0,0,0,0,0,0,0,-1.76636457443237,0,0,-0.744741916656494,-0.0383338928222656
0,0,6,0,0,0,0,0,0,0,0,0,0,0,0,0,0,0,0,0,0,0,0,0,0,0,0,0,0,0.0699515342712402,0
0,0,6,0,0,0,0,0,0,0,0,0,0,0,0,0,0,0,0,0,0,0,0,0,0,0,0,0,0,0,0.0383338928222656
0,0,0,0,0,0,0,0,0,0,0,0,0,0,0,0,0,0,0,0,0,0,0,0,0,0,0,0,0,0,0
0,0,0,0,0,0,0,0,0,0,0,0,0,0,0,0,0,0,0,0,0,0,0,0,0,0,0,0,0,-0.0699515342712402,-0.0766658782958984
0,0,0,0,0,0,0,0,0,0,0,0,0,0,0,0,0,0,0,0,0,0,0,0,0,0,0,0,0,0,0
0,0,0,0,0,0,0,0,0,0,0,0,0,0,0,0,0,0,0,0,0,0,0,0,0,0,0,0,0,0,0.0666656494140625
0,0,0,0,0,0,0,0,0,0,0,0,0,0,0,0,0,0,0,0,0,0,0,0,0,0,0,0,0,0,0
0,0,41,0,0,0,-0.0267986133694649,0.000999998301267624,-0.384428948163986,-0.0573878884315491,0,0,0,0,0,0,0,0,0,0,0,0,0,0,0,0,-4.20417857170105,0,0,0.205402851104736,-0.235000610351562
0,0,-3,0,0,0,0,0,0,0,0,0,0,0,0,0,0,0,0,0,0,0,0,0,0,0,0,0,0,0,0
0,0,0,0,0,0,0,0,0,0,0,0,0,0,0,0,0,0,0,0,0,0,0,0,0,0,0,0,0,0,0.0716667175292969
0,0,0,0,0,0,0,0,0,0,0,0,0,0,0,0,0,0,0,0,0,0,0,0,0,0,0,0,0,0,0
0,0,-7,0,0,0,0,0,0,0,0,0,0,0,0,0,0,0,0,0,0,0,0,0,0,0,0,0,0,0,0
0,0,3,0,0,0,0,0,0,0,0,0,0,0,0,0,0,0,0,0,0,0,0,0,0,0,0,0,0,0,0
0,0,0,0,0,0,0,0,0,0,0,0,0,0,0,0,0,0,0,0,0,0,0,0,0,0,0,0,0,0,0.0716667175292969
0,0,6,0,0,0,0,0,0,0,0,0,0,0,0,0,0,0,0,0,0,0,0,0,0,0,0,0,0,0,-0.0150012969970703
0,0,10,0,0,0,0,0,0,0,0,0,0,0,0,0,0,0,0,0,0,0,0,0,0,0,0,0,0,0,0
0,0,0,0,0,0,0,0,0,0,0,0,0,0,0,0,0,0,0,0,0,0,0,0,0,0,0,0,0,0,0
0,0,-17,0,0,0,0,0.00999999791383743,0,0,0,0,0,0,0,0,0,0,0,0,0,0,0,0,0,0,0,0,0,-0.0442824363708496,-0.0216655731201172
30,0,195,0,0,0,0.00186979025602341,0.00299999862909317,-0.357491433620453,-0.0431657731533051,0,0,0,0,0,0,0,0,0,0,0,0,0,0,0,0,386.960384368896,0,0,-1.26865720748901,-1.12166595458984
0,0,-10,0,0,0,0,0,0,0,0,0,0,0,0,0,0,0,0,0,0,0,0,0,0,0,0,0,0,0,0
0,0,-7,0,0,0,0,0,0,0,0,0,0,0,0,0,0,0,0,0,0,0,0,0,0,0,0,0,0,0,0.0300006866455078
0,0,10,0,0,0,0,0,0,0,0,0,0,0,0,0,0,0,0,0,0,0,0,0,0,0,0,0,0,0,0
0,0,0,0,0,0,0,0,0,0,0,0,0,0,0,0,0,0,0,0,0,0,0,0,0,0,0,0,0,0,0
0,0,-17,0,0,0,0,0,0,0,0,0,0,0,0,0,0,0,0,0,0,0,0,0,0,0,0,0,0,0,0
0,0,0,0,0,0,0,0,0,0,0,0,0,0,0,0,0,0,0,0,0,0,0,0,0,0,0,0,0,0,0
0,0,0,0,0,0,0,0,0,0,0,0,0,0,0,0,0,0,0,0,0,0,0,0,0,0,0,0,0,0,0
0,0,0,0,0,0,0,0,0,0,0,0,0,0,0,0,0,0,0,0,0,0,0,0,0,0,0,0,0,0,0
0,0,0,0,0,0,0,0,0,0,0,0,0,0,0,0,0,0,0,0,0,0,0,0,0,0,0,0,0,0,0
0,0,-102,0,0,0,0.0483312606811523,0.0529999993741512,-0.158307790756226,0.0430894792079926,0,0,0,0,0,0,0,0,0,0,0,0,0,0,0,0,0.147914886474609,0,0,-0.182779312133789,-0.0450000762939453
0,0,0,0,0,0,0,0,0,0,0,0,0,0,0,0,0,0,0,0,0,0,0,0,0,0,0,0,0,0,0
0,0,0,0,0,0,0,0,0,0,0,0,0,0,0,0,0,0,0,0,0,0,0,0,0,0,0,0,0,0,0
0,0,0,0,0,0,0,0,0,0,0,0,0,0,0,0,0,0,0,0,0,0,0,0,0,0,0,0,0,0,0
0,0,-4,0,0,0,0,0,0,0,0,0,0,0,0,0,0,0,0,0,0,0,0,0,0,0,0,0,0,0,0.0716667175292969
0,0,5,0,0,0,-0.0288136154413223,0,-0.33463242650032,0,0,0,0,0,0,0,0,0,0,0,0,0,0,0,0,0,0,0,0,0,0
0,0,0,0,0,0,0,0,0,0,0,0,0,0,0,0,0,0,0,0,0,0,0,0,0,0,0,0,0,0,0.0250015258789062
0,0,0,0,0,0,0,0,0,0,0,0,0,0,0,0,0,0,0,0,0,0,0,0,0,0,0,0,0,0,0
0,0,0,0,0,0,0,0,0,0,0,0,0,0,0,0,0,0,0,0,0,0,0,0,0,0,0,0,0,0,0
0,0,0,0,0,0,0,0,0,0,0,0,0,0,0,0,0,0,0,0,0,0,0,0,0,0,0,0,0,0,0
0,0,2,0,0,0,0.000552333891391754,0.00999999791383743,-0.241620481014252,-0.0110189914703369,0,0,0,0,0,0,0,0,0,0,0,0,0,0,0,0,-3.10575771331787,0,0,-0.35924243927002,-0.10999870300293
0,0,-5,0,0,0,0,0.00499999895691872,-0.245392978191376,-0.0079992413520813,0,0,0,0,0,0,0,0,0,0,0,0,0,0,0,0,26.5,0,0,0.189050674438477,-0.226667404174805
0,0,-4,0,0,0,0,0,0,0,0,0,0,0,0,0,0,0,0,0,0,0,0,0,0,0,0,0,0,0,0
0,0,0,0,0,0,0,0,0,0,0,0,0,0,0,0,0,0,0,0,0,0,0,0,0,0,0,0,0,0,0
0,0,4,0,0,0,0,0,0,0,0,0,0,0,0,0,0,0,0,0,0,0,0,0,0,0,0,0,0,0,0
0,0,0,0,0,0,0,0,0,0,0,0,0,0,0,0,0,0,0,0,0,0,0,0,0,0,0,0,0,0,0
0,0,0,0,0,0,0,0,0,0,0,0,0,0,0,0,0,0,0,0,0,0,0,0,0,0,0,0,0,0,0
0,0,-4,0,0,0,0,0,0,0,0,0,0,0,0,0,0,0,0,0,0,0,0,0,0,0,0,0,0,0,0
0,0,0,0,0,0,0,0,0,0,0,0,0,0,0,0,0,0,0,0,0,0,0,0,0,0,0,0,0,0,0.0433330535888672
0,0,4,0,0,0,0,0,0,0,0,0,0,0,0,0,0,0,0,0,0,0,0,0,0,0,0,0,0,0,0
19,0,-60,0,0,0,0.0385593920946121,0.0130000039935112,0.371417343616486,0.0683614015579224,0,0,0,0,0,0,0,0,0,0,0,0,0,0,0,0,-30.455237865448,0,0,0.736269474029541,0.0666675567626953
-19,0,6,0,0,0,-0.00402148067951202,0.00299999862909317,-0.218205749988556,0.0155468881130219,0,0,0,0,0,0,0,0,0,0,0,0,0,0,0,0,-0.00391340255737305,0,0,0.20943021774292,0.00499916076660156
0,0,0,0,0,0,0,0,0,0,0,0,0,0,0,0,0,0,0,0,0,0,0,0,0,0,0,0,0,0,-0.00666618347167969
0,0,0,0,0,0,0,0,0,0,0,0,0,0,0,0,0,0,0,0,0,0,0,0,0,0,0,0,0,0,-0.0249996185302734
0,0,0,0,0,0,0,0,0,0,0,0,0,0,0,0,0,0,0,0,0,0,0,0,0,0,0,0,0,0,0
0,0,0,0,0,0,0,0,0,0,0,0,0,0,0,0,0,0,0,0,0,0,0,0,0,0,0,0,0,0,0.00833320617675781
0,0,2,0,0,0,0,0,0,0,0,0,0,0,0,0,0,0,0,0,0,0,0,0,0,0,0,0,0,0,0
0,0,0,0,0,0,0,0,0,0,0,0,0,0,0,0,0,0,0,0,0,0,0,0,0,0,0,0,0,0,0
0,0,0,0,0,0,0,0,0,0,0,0,0,0,0,0,0,0,0,0,0,0,0,0,0,0,0,0,0,0,-0.00166702270507812
0,0,0,0,0,0,0,0,0,0,0,0,0,0,0,0,0,0,0,0,0,0,0,0,0,0,0,0,0,0,0
0,0,-2,0,0,0,0,0,0,0,0,0,0,0,0,0,0,0,0,0,0,0,0,0,0,0,0,0,0,0,0
0,0,0,0,0,0,0,0,0,0,0,0,0,0,0,0,0,0,0,0,0,0,0,0,0,0,0,0,0,0,0
0,0,2,0,0,0,0,0,0.0056954026222229,0,0,0,0,0,0,0,0,0,0,0,0,0,0,0,0,0,0.218588352203369,0,0,-0.00673103332519531,0.00666618347167969
0,0,-9,0,14,0,0.023986354470253,0.0309999957680702,0.00553792715072632,-0.00980344414710999,0,-14,0,0,0,0,0,0,0,0,0,0,0,0,0,0,-0.114179611206055,0.000699999975040555,0,0.238615989685059,0.0283336639404297
0,0,-6,0,-14,0,0,0,-0.000502943992614746,0,0,14,0,0,0,0,0,0,0,0,0,0,0,0,0,0,-0.0607595443725586,0,0,0,-0.00833320617675781
0,0,6,0,14,0,0,0,0.000502943992614746,0,0,-14,0,0,0,0,0,0,0,0,0,0,0,0,0,0,0.0607595443725586,0,0,0,0.00833320617675781
0,0,0,0,0,0,0,0,0,0,0,0,0,0,0,0,0,0,0,0,0,0,0,0,0,0,0,0,0,0,0
0,0,0,0,0,0,0,0,-0.00281417369842529,0,0,0,0,0,0,0,0,0,0,0,0,0,0,0,0,0,0,0,0,0,0
0,0,-3,0,28,0,0,0,0.00331711769104004,0,0,-28,0,0,0,0,0,0,0,0,0,0,0,0,0,0,0.0607595443725586,-0.000699999975040555,0,0,0.0249996185302734
0,0,0,0,0,0,0,0,0,0,0,0,0,0,0,0,0,0,0,0,0,0,0,0,0,0,0,0,0,0,0
0,0,0,0,0,0,0,0,0,0,0,0,0,0,0,0,0,0,0,0,0,0,0,0,0,0,0,0,0,0,0
0,0,0,0,0,0,0,0,0,-0.00493401288986206,0,0,0,0,0,0,0,0,0,0,0,0,0,0,0,0,0,0,0,0,0.0599994659423828
0,0,14,0,0,0,0,0.0160000026226044,-0.0273988246917725,-0.00493401288986206,0,0,0,0,0,0,0,0,0,0,0,0,0,0,0,0,0.475921630859375,-0.000699999975040555,0,0.114904880523682,-0.0150012969970703
0,0,-6,0,-14,0,0,0,-0.000502943992614746,0,0,14,0,0,0,0,0,0,0,0,0,0,0,0,0,0,-0.0607595443725586,0,0,0,-0.00833320617675781
0,0,0,0,0,0,0,0,0,0,0,0,0,0,0,0,0,0,0,0,0,0,0,0,0,0,0,0,0,0,0
0,0,0,0,0,0,0,0,0,0,0,0,0,0,0,0,0,0,0,0,0,0,0,0,0,0,0,0,0,0,0
0,0,-2,0,0,0,0,0,0,0,0,0,0,0,0,0,0,0,0,0,0,0,0,0,0,0,0,0,0,0.00673103332519531,-0.00666618347167969
0,0,-29,0,0,0,-0.0193990543484688,-0.00700000301003456,-0.0436691641807556,0.0282158553600311,0,0,0,0,0,0,0,0,0,0,0,0,0,0,0,0,0.0174856185913086,0,0,0.0613808631896973,-0.104999542236328
0,0,0,0,0,0,0,0,0,0,0,0,0,0,0,0,0,0,0,0,0,0,0,0,0,0,0,0,0,-0.00673103332519531,0
0,0,2,0,0,0,0,0,0,0,0,0,0,0,0,0,0,0,0,0,0,0,0,0,0,0,0,0,0,0,0.0333328247070312
0,0,-2,0,0,0,0,0,-0.0056954026222229,0,0,0,0,0,0,0,0,0,0,0,0,0,0,0,0,0,-0.218588352203369,0,0,0.00673103332519531,-0.0333328247070312
0,0,1,0,0,0,0,0,-0.0056954026222229,0,0,0,0,0,0,0,0,0,0,0,0,0,0,0,0,0,-0.218588352203369,0,0,0.00673103332519531,0
0,0,-4,0,0,0,-0.00745376944541931,-0.00200000405311584,-0.034103512763977,0.00325703620910645,0,0,0,0,0,0,0,0,0,0,0,0,0,0,0,0,0.060877799987793,0,0,-0.00266027450561523,-0.0400009155273438
0,0,0,0,0,0,0,0,0,0,0,0,0,0,0,0,0,0,0,0,0,0,0,0,0,0,0,0,0,0,0
0,0,2,0,0,0,0,0,0.0289766192436218,-0.00865763425827026,0,0,0,0,0,0,0,0,0,0,0,0,0,0,0,0,-0.181876659393311,0,0,-0.140402793884277,0.0350017547607422
0,0,0,0,0,0,0,0,0,0,0,0,0,0,0,0,0,0,0,0,0,0,0,0,0,0,0,0,0,0,0
0,0,0,0,0,0,0,0,0,0,0,0,0,0,0,0,0,0,0,0,0,0,0,0,0,0,0,0,0,0.00673103332519531,0
0,0,0,0,0,0,0,0,-0.0056954026222229,0,0,0,0,0,0,0,0,0,0,0,0,0,0,0,0,0,-0.218588352203369,0,0,0,0
0,0,0,0,0,0,0,0,-0.0056954026222229,0,0,0,0,0,0,0,0,0,0,0,0,0,0,0,0,0,-0.218588352203369,0,0,0,0
0,0,0,0,0,0,0,0,0,0,0,0,0,0,0,0,0,0,0,0,0,0,0,0,0,0,0,0,0,0,0.00833320617675781
0,0,0,0,0,0,0,0,0,0,0,0,0,0,0,0,0,0,0,0,0,0,0,0,0,0,0,0,0,0,0
0,0,0,0,0,0,0,0,0,0,0,0,0,0,0,0,0,0,0,0,0,0,0,0,0,0,0,0,0,0,0
0,0,-23,0,0,0,-0.0284873247146606,0.0179999992251396,-0.0812215209007263,0.00509664416313171,0,0,0,0,0,0,0,0,0,0,0,0,0,0,0,0,0.301398277282715,0.00810000021010637,27,0.124269962310791,-0.0850009918212891
0,0,0,0,0,0,0,0,0,0,0,0,0,0,0,0,0,0,0,0,0,0,0,0,0,0,0,0,0,0,0
0,0,-8,0,0,0,0.0117188096046448,-0.00100000202655792,-0.0327191352844238,0.00820028781890869,0,0,0,0,0,0,0,0,0,0,0,0,0,0,0,0,-0.234687805175781,0,0,0.228946685791016,0.0166664123535156
0,0,0,0,0,0,0,0,0,0,0,0,0,0,0,0,0,0,0,0,0,0,0,0,0,0,0,0,0,0,-0.0400009155273438
0,0,-11,0,0,0,0.00664547830820084,0.00999999791383743,-0.00191378593444824,-0.00712409615516663,0,0,0,0,0,0,0,0,0,0,0,0,0,0,0,0,-0.43726921081543,0,0,-0.00166845321655273,-0.0183334350585938
0,0,0,0,0,0,0,0,0,0,0,0,0,0,0,0,0,0,0,0,0,0,0,0,0,0,0,0,0,0,0
0,0,0,0,17,0,0,0,0,-0.00168177485466003,0,-17,0,0,0,0,0,0,0,0,0,0,0,0,0,0,0,0,0,0,0.0133342742919922
0,0,0,0,0,0,0,0,0,0,0,0,0,0,0,0,0,0,0,0,0,0,0,0,0,0,0,0,0,0,0
0,0,0,0,0,0,0,0,0,0.00168177485466003,0,0,0,0,0,0,0,0,0,0,0,0,0,0,0,0,0,0,0,0,-0.0133342742919922
0,0,0,0,-11,0,0,0,0,0,0,11,0,0,0,0,0,0,0,0,0,0,0,0,0,0,0,0,0,0,0
0,0,0,0,11,0,0,0,0,0.00168177485466003,0,-11,0,0,0,0,0,0,0,0,0,0,0,0,0,0,0,0,0,0,-0.0133342742919922
0,0,0,0,-6,0,0,0,0,0.00168177485466003,0,6,0,0,0,0,0,0,0,0,0,0,0,0,0,0,0,0,0,0,-0.00833511352539062
0,0,-3,0,-17,0,0,0,0,0,0,17,0,0,0,0,0,0,0,0,0,0,0,0,0,0,0,0,0,0,-0.0116672515869141
0,0,1,0,0,0,0,0,-0.0014193058013916,0,0,0,0,0,0,0,0,0,0,0,0,0,0,0,0,0,0,0,0,0,-0.0100002288818359
0,0,-1,0,0,0,0,0,0.0014193058013916,0,0,0,0,0,0,0,0,0,0,0,0,0,0,0,0,0,0,0,0,0,0.0100002288818359
0,0,-3,0,0,0,0,0,0.00922125577926636,0,0,0,0,0,0,0,0,0,0,0,0,0,0,0,0,0,-0.218588352203369,0,0,0.00673103332519531,0.0116653442382812
0,0,1,0,0,0,0,0,-0.0014193058013916,0,0,0,0,0,0,0,0,0,0,0,0,0,0,0,0,0,0,0,0,0,-0.0100002288818359
0,0,0,0,0,0,0,0,0,0,0,0,0,0,0,0,0,0,0,0,0,0,0,0,0,0,0,0,0,0,0
0,0,-3,0,0,0,0,0,0,0,0,0,0,0,0,0,0,0,0,0,0,0,0,0,0,0,0,0,0,0,0.0716667175292969
0,0,-6,0,0,0,0.0259665474295616,0.0369999967515469,-0.12975001335144,0.00388839840888977,0,0,0,0,0,0,0,0,0,0,0,0,0,0,0,0,-8.91247940063477,0,0,-0.192358016967773,-0.0349998474121094
0,0,9,0,0,0,0,0,0,0,0,0,0,0,0,0,0,0,0,0,0,0,0,0,0,0,0,0,0,0,-0.0150012969970703
0,0,3,0,0,0,0,0,0,0,0,0,0,0,0,0,0,0,0,0,0,0,0,0,0,0,0,0,0,0,0
0,0,0,0,0,0,0,0,0,0,0,0,0,0,0,0,0,0,0,0,0,0,0,0,0,0,0,0,0,0,0
0,0,9,0,0,0,0,0,0,0,0,0,0,0,0,0,0,0,0,0,0,0,0,0,0,0,0,0,0,0,0
0,0,9,0,0,0,0,0,0,0,0,0,0,0,0,0,0,0,0,0,0,0,0,0,0,0,0,0,0,0,0
0,0,-5,0,0,0,0,0,0,0,0,0,0,0,0,0,0,0,0,0,0,0,0,0,0,0,0,0,0,0,0.0116653442382812
0,0,0,0,0,0,0,0,0,0,0,0,0,0,0,0,0,0,0,0,0,0,0,0,0,0,0,0,0,0,0
0,0,-3,0,0,0,0,0.00400000065565109,0,0,0,0,0,0,0,0,0,0,0,0,0,0,0,0,0,0,0,0,0,-0.0104875564575195,-0.0349998474121094
0,0,-9,0,0,0,0,0,0,0,0,0,0,0,0,0,0,0,0,0,0,0,0,0,0,0,0,0,0,0,0
0,0,0,0,0,0,0,0,0,0,0,0,0,0,0,0,0,0,0,0,0,0,0,0,0,0,0,0,0,0,0
0,0,0,0,0,0,0,0,0,0,0,0,0,0,0,0,0,0,0,0,0,0,0,0,0,0,0,0,0,0,-0.0249996185302734
0,0,8,0,0,0,0,0.00400000065565109,0,0,0,0,0,0,0,0,0,0,0,0,0,0,0,0,0,0,0,0,0,-0.0104875564575195,0
0,0,23,0,0,0,0.0200004577636719,0.00499999895691872,-0.300643980503082,0.00986561179161072,0,-3,0,0,3,0,0,0,0,0,0,0,0,0,0,0,-8.91247940063477,0,0,-0.229916572570801,-0.0383338928222656
0,0,0,0,0,0,0,0,0,0,0,0,0,0,0,0,0,0,0,0,0,0,0,0,0,0,0,0,0,0,0
77,0,805,0,26,0,0.295528009533882,0.115000005811453,-0.241454064846039,-0.201860636472702,0,-58,32,0,0,43,7,29,0,1.03233122825623,34.9874382019043,0,0,111.741249084473,0,52.8642463684082,1296.6992149353,0.0758000016212463,1,-4.43745768070221,-7.17833518981934
0,0,0,0,0,0,0,0,0,0,0,0,0,0,0,0,0,0,0,0,0,0,0,0,0,0,0,0,0,0,0
0,0,0,0,0,0,0,0,0,0,0,0,0,0,0,0,0,0,0,0,0,0,0,0,0,0,0,0,0,0,0
0,0,-5,0,0,0,0,0,0,0,0,0,0,0,0,0,0,0,0,0,0,0,0,0,0,0,0,0,0,0,0
0,0,-3,0,0,0,0,0.00400000065565109,-0.0335866212844849,0,0,0,0,0,0,0,0,0,0,0,0,0,0,0,0,0,0,0,0,-0.0104875564575195,0.0300006866455078
0,0,0,0,0,0,0,0,0,0,0,0,0,0,0,0,0,0,0,0,0,0,0,0,0,0,0,0,0,0,0
0,0,5,0,0,0,0,0,0.0335866212844849,0,0,0,0,0,0,0,0,0,0,0,0,0,0,0,0,0,0,0,0,0,0
0,0,0,0,0,0,0,0,0,0,0,0,0,0,0,0,0,0,0,0,0,0,0,0,0,0,0,0,0,0,0
0,0,-22,0,0,0,0.0190642178058624,0.0589999966323376,-0.00751572847366333,0.0311177968978882,0,0,0,0,0,0,0,0,0,0,2.95672535896301,0,0,4.505202293396,0,0,-0.0620651245117188,0,0,-0.185473442077637,-0.0583324432373047
0,0,0,0,0,0,0,0,0,0,0,0,0,0,0,0,0,0,0,0,0,0,0,0,0,0,0,0,0,0,0
0,0,0,0,0,0,0,0,0,0,0,0,0,0,0,0,0,0,0,0,0,0,0,0,0,0,0,0,0,0,0.0216655731201172
0,0,0,0,0,0,0,0,0,0,0,0,0,0,0,0,0,0,0,0,0,0,0,0,0,0,0,0,0,0,0
0,0,0,0,0,0,0,0,0,0,0,0,0,0,0,0,0,0,0,0,0,0,0,0,0,0,0,0,0,0,0
0,0,0,0,0,0,0,0,0,0,0,0,0,0,0,0,0,0,0,0,0,0,0,0,0,0,0,0,0,0,0
0,0,0,0,0,0,0,0,0,0,0,0,0,0,0,0,0,0,0,0,0,0,0,0,0,0,0,0,0,0,0
0,0,-13,0,0,0,-0.0135835558176041,0.00500000268220901,-0.0456766486167908,0,0,0,0,0,0,0,0,0,0,0,-2.95672535896301,0,0,-4.505202293396,0,0,-1.81007385253906,0,0,-0.225264072418213,-0.0316658020019531
0,0,0,0,0,0,0,0,0,0,0,0,0,0,0,0,0,0,0,0,0,0,0,0,0,0,0,0,0,0,0
0,0,0,0,0,0,0,0,0,0,0,0,0,0,0,0,0,0,0,0,0,0,0,0,0,0,0,0,0,0,-0.0216655731201172
0,0,-21,0,0,0,0,0,0,0,0,0,0,0,0,0,0,0,0,0,0,0,0,0,0,0,0,0,0,0,0
0,0,0,0,0,0,0,0,0,0,0,0,0,0,0,0,0,0,0,0,0,0,0,0,0,0,0,0,0,0,-0.0283336639404297
0,0,0,0,0,0,0,0,0,0,0,0,0,0,0,0,0,0,0,0,0,0,0,0,0,0,0,0,0,0,0
0,0,0,0,0,0,0,0,0,0,0,0,0,0,0,0,0,0,0,0,0,0,0,0,0,0,0,0,0,0,0
0,0,0,0,0,0,0,0,0,0,0,0,0,0,0,0,0,0,0,0,0,0,0,0,0,0,0,0,0,0,0
0,0,0,0,0,0,0,0,0,0,0,0,0,0,0,0,0,0,0,0,0,0,0,0,0,0,0,0,0,0,0
0,0,0,0,0,0,0,0,0,0,0,0,0,0,0,0,0,0,0,0,0,0,0,0,0,0,0,0,0,0,-0.0283336639404297
0,0,0,0,0,0,0,0,0,0,0,0,0,0,0,0,0,0,0,0,0,0,0,0,0,0,0,0,0,0,0
0,0,63,6,0,0,0.0118990018963814,0.183999992907047,0.00400006771087646,-0.00779116153717041,0,-6,0,0,0,0,0,0,0,2.36120104789734,3.68935370445251,0,0,19.5083436965942,0,3.28739094734192,1.76884651184082,0,0,-0.385275840759277,0.0466670989990234
0,0,21,0,0,0,0,0,0,0,0,0,0,0,0,0,0,0,0,0,0,0,0,0,0,0,0,0,0,0,0
0,0,0,0,0,0,0,0,0,0,0,0,0,0,0,0,0,0,0,0,0,0,0,0,0,0,0,0,0,0,0
0,0,3,0,0,0,0,0,0,0,0,0,0,0,0,0,0,0,0,0,0,0,0,0,0,0,0,0,0,0,-0.00166702270507812
0,0,0,0,0,0,0,0,0,0,0,0,0,0,0,0,0,0,0,0,0,0,0,0,0,0,0,0,0,0,0
0,0,0,0,0,0,0,0,0,0,0,0,0,0,0,0,0,0,0,0,0,0,0,0,0,0,0,0,0,0,-0.073333740234375
0,0,0,0,0,0,0,0,0,0,0,0,0,0,0,0,0,0,0,0,0,0,0,0,0,0,0,0,0,0,0
0,0,0,0,0,0,0,0,0,0,0,0,0,0,0,0,0,0,0,0,0,0,0,0,0,0,0,0,0,0,0
0,0,7,0,0,0,0,0,0,0,0,0,0,0,0,0,0,0,0,0,0,0,0,0,0,0,0,0,0,0,0
0,0,0,0,0,0,0,0,0,0,0,0,0,0,0,0,0,0,0,0,0,0,0,0,0,0,0,0,0,0,0
0,0,31,0,0,0,0,0,0,0,0,0,0,0,0,0,0,0,0,0,0,0,0,0,0,0,0,0,0,0,0
38,0,-106,0,0,0,-0.00112716853618622,0.0450000092387199,-0.0235292315483093,0.00376197695732117,0,0,0,0,0,0,0,0,0,0,-2.95672535896301,0.0279540028423071,0.00178003893233836,-4.505202293396,0,0,9.59098243713379,0.00170000002253801,0,0.340075016021729,-0.0949993133544922
0,0,8,0,0,0,0,0,0,0,0,0,0,0,0,0,0,0,0,0,0,0,0,0,0,0,0,0.00170000002253801,0,0,0
0,0,0,0,0,0,0,0,0,0,0,0,0,0,0,0,0,0,0,0,0,0,0,0,0,0,0,0,0,0,0
0,0,0,0,0,0,0,0,0,0,0,0,0,0,0,0,0,0,0,0,0,0,0,0,0,0,0,0,0,0,0
0,0,0,0,0,0,0,0,0,0,0,0,0,0,0,0,0,0,0,0,0,0,0,0,0,0,0,0,0,0,0
0,0,8,0,0,0,0,0,0,0,0,0,0,0,0,0,0,0,0,0,0,0,0,0,0,0,0,0.00170000002253801,0,0,0
0,0,8,0,0,0,0,0,0,0,0,0,0,0,0,0,0,0,0,0,0,0,0,0,0,0,0,0.00170000002253801,0,0,0
0,0,0,0,0,0,0,0,0,0,0,0,0,0,0,0,0,0,0,0,0,0,0,0,0,0,0,0,0,0,0
0,0,0,0,0,0,0,0,0,0,0,0,0,0,0,0,0,0,0,0,0,0,0,0,0,0,0,0,0,0,0
0,0,11,0,0,0,0,0,0,0,0,0,0,0,0,0,0,0,0,0,0,0,0,0,0,0,0,0.0148999997181818,0,0,-0.0400009155273438
0,0,0,0,0,0,0,0,0,0,0,0,0,0,0,0,0,0,0,0,0,0,0,0,0,0,0,0,0,0,0
0,0,0,0,0,0,0,0,0,0,0,0,0,0,0,0,0,0,0,0,0,0,0,0,0,0,0,0,0,0,0
0,0,-7,0,0,0,0,0,0,0,0,0,0,0,0,0,0,0,0,0,0,0,0,0,0,0,0,-0.0137999998405576,0,0,0
0,0,0,0,0,0,0,0,0,0,0,0,0,0,0,0,0,0,0,0,0,0,0,0,0,0,0,0,0,0,0
0,0,0,0,0,0,0,0,0,0,0,0,0,0,0,0,0,0,0,0,0,0,0,0,0,0,0,0,0,0,0
0,0,0,0,0,0,0,0,0,0,0,0,0,0,0,0,0,0,0,0,0,0,0,0,0,0,0,0,0,0,0
0,0,0,0,0,0,0,0,0,0,0,0,0,0,0,0,0,0,0,0,0,0,0,0,0,0,0,0,0,0,0.0666656494140625
0,0,0,0,0,0,0,0,0,0,0,0,0,0,0,0,0,0,0,0,0,0,0,0,0,0,0,0,0,0,0
0,0,0,0,0,0,0,0,0,0,0,0,0,0,0,0,0,0,0,0,0,0,0,0,0,0,0,0,0,0,-0.00833320617675781
0,0,-3,0,0,0,0,0,-0.089506983757019,0,0,0,0,0,0,0,0,0,0,0,0,-0.0279540028423071,-0.00178003893233836,0,0,0,2.46084976196289,0.00170000002253801,0,0,0.0749988555908203
0,0,0,0,0,0,0,0,0,0,0,0,0,0,0,0,0,0,0,0,0,0,0,0,0,0,0,0,0,0,0.0749988555908203
0,0,0,0,0,0,0,0,0,0,0,0,0,0,0,0,0,0,0,0,0,0,0,0,0,0,0,0,0,0,-0.0316658020019531
0,0,0,0,0,0,0,0,0,0,0,0,0,0,0,0,0,0,0,0,0,0,0,0,0,0,0,0,0,0,-0.0766658782958984
0,0,0,0,0,0,0,0,0,0,0,0,0,0,0,0,0,0,0,0,0,0,0,0,0,0,0,0,0,0,0
0,0,0,0,0,0,0,0,0,0,0,0,0,0,0,0,0,0,0,0,0,0,0,0,0,0,0,0,0,0,0
0,0,0,0,0,0,0,0,0,0,0,0,0,0,0,0,0,0,0,0,0,0,0,0,0,0,0,0,0,0,0
0,0,0,0,0,0,0,0,0,0,0,0,0,0,0,0,0,0,0,0,0,0,0,0,0,0,0,0,0,0,0
0,0,0,0,0,0,0,0,0,0,0,0,0,0,0,0,0,0,0,0,0,0,0,0,0,0,0,0,0,0,0.0316677093505859
0,0,1,0,0,0,0,0.00299999862909317,0,0,0,0,0,0,0,0,0,0,0,0,0,0,0,0,0,0,0,0,0,-0.0401663780212402,0
0,0,0,0,0,0,0,0,0,0,0,0,0,0,0,0,0,0,0,0,0,0,0,0,0,0,0,0,0,0,0
0,0,0,0,0,0,0,0,0,0,0,0,0,0,0,0,0,0,0,0,0,0,0,0,0,0,0,0,0,0,0
0,0,0,0,0,0,0,0,0,0,0,0,0,0,0,0,0,0,0,0,0,0,0,0,0,0,0,0,0,0,0
0,0,0,0,0,0,0,0.00299999862909317,0,0,0,0,0,0,0,0,0,0,0,0,0,0,0,0,0,0,0,0,0,0.00637149810791016,0.0233325958251953
0,0,0,0,0,0,0,0,0,0,0,0,0,0,0,0,0,0,0,0,0,0,0,0,0,0,0,0,0,0,0
0,0,-4,0,0,0,0,-0.00999999791383743,0,0,0,0,0,0,0,0,0,0,0,0,0,0,0,0,0,0,0,0,0,0.0442824363708496,0
38,0,273,0,35,0,0.5113235861063,0.0659999959170818,-0.0125771164894104,-0.317031010985374,0,-100,35,7,30,37,21,2,0,0,0,0,0,0,0,0,260.826656341553,0,0,-4.07582426071167,-0.573333740234375
0,0,14,0,0,0,0.018534779548645,0.00600000098347664,-0.175046145915985,0.00898674130439758,0,0,0,0,0,0,0,0,0,0,0,0,0,0,0,0,-8.91247940063477,0,0,-0.36311149597168,-0.178333282470703
0,0,0,0,0,0,0,0,0,0,0,0,0,0,0,0,0,0,0,0,0,0,0,0,0,0,0,0,0,0,0
0,0,0,0,0,0,0,0,0,0,0,0,0,0,0,0,0,0,0,0,0,0,0,0,0,0,0,0,0,0,0.0283336639404297
0,0,0,0,0,0,0,0,0,0,0,0,0,0,0,0,0,0,0,0,0,0,0,0,0,0,0,0,0,0,0
0,0,0,0,0,0,0,0,0,0,0,0,0,0,0,0,0,0,0,0,0,0,0,0,0,0,0,0,0,0,0
0,0,0,0,0,0,0,0,0,0,0,0,0,0,0,0,0,0,0,0,0,0,0,0,0,0,0,0,0,0,0
0,0,5,0,0,0,0,0,0,0,0,0,0,0,0,0,0,0,0,0,0,0,0,0,0,0,0,0,0,0,0
0,0,0,0,0,0,0,0,0,0,0,0,0,0,0,0,0,0,0,0,0,0,0,0,0,0,0,0,0,0,0
0,0,0,0,0,0,0,0,0,0,0,0,0,0,0,0,0,0,0,0,0,0,0,0,0,0,0,0,0,0,0
0,0,0,0,0,0,0,0,0,0,0,0,0,0,0,0,0,0,0,0,0,0,0,0,0,0,0,0,0,0,0
0,0,0,0,0,0,0,0,0,0,0,0,0,0,0,0,0,0,0,0,0,0,0,0,0,0,0,0,0,0,0
0,0,0,0,0,0,0,0.00299999862909317,0,0,0,0,0,0,0,0,0,0,0,0,0,0,0,0,0,0,0,0,0,-0.0401663780212402,0.0616664886474609
0,0,0,0,0,0,0,0,0,0,0,0,0,0,0,0,0,0,0,0,0,0,0,0,0,0,0,0,0,0,0
0,0,0,0,0,0,0,0,0,0,0,0,0,0,0,0,0,0,0,0,0,0,0,0,0,0,0,0,0,0,0
0,0,5,0,0,0,0,0,0.0335866212844849,0,0,0,0,0,0,0,0,0,0,0,0,0,0,0,0,0,0,0,0,0,-0.0766658782958984
0,0,-3,0,0,0,0,-0.00400000065565109,0,0,0,0,0,0,0,0,0,0,0,0,0,0,0,0,0,0,0,0,0,0.0104875564575195,0.108333587646484
0,0,0,0,0,0,0,0,0,0,0,0,0,0,0,0,0,0,0,0,0,0,0,0,0,0,0,0,0,0,0
0,0,0,0,0,0,0,0,0,0,0,0,0,0,0,0,0,0,0,0,0,0,0,0,0,0,0,0,0,0,0
0,0,0,0,0,0,0,0,0,0,0,0,0,0,0,0,0,0,0,0,0,0,0,0,0,0,0,0,0,0,0
0,0,0,0,0,0,0,0,0,0,0,0,0,0,0,0,0,0,0,0,0,0,0,0,0,0,0,0,0,0,0.108333587646484
0,0,0,0,0,0,0,0,0,0,0,0,0,0,0,0,0,0,0,0,0,0,0,0,0,0,0,0,0,0,0
0,0,0,0,0,0,0,0,0,0,0,0,0,0,0,0,0,0,0,0,0,0,0,0,0,0,0,0,0,0,0
0,0,5,0,0,0,0,0,0.0335866212844849,0,0,0,0,0,0,0,0,0,0,0,0,0,0,0,0,0,0,0,0,0,-0.0766658782958984
0,0,0,0,0,0,0,0,0,0,0,0,0,0,0,0,0,0,0,0,0,0,0,0,0,0,0,0,0,0,0
0,0,0,0,0,0,0,0,0,0,0,0,0,0,0,0,0,0,0,0,0,0,0,0,0,0,0,0,0,0,0
0,0,0,0,0,0,0,0,0,0,0,0,0,0,0,0,0,0,0,0,0,0,0,0,0,0,0,0,0,0,0
0,0,0,0,0,0,0,0,0,0,0,0,0,0,0,0,0,0,0,0,0,0,0,0,0,0,0,0,0,0,0
0,0,5,0,0,0,0,0,0.0335866212844849,0,0,0,0,0,0,0,0,0,0,0,0,0,0,0,0,0,0,0,0,0,-0.0766658782958984
0,0,-13,1,0,2,0.0259665474295616,0.0269999988377094,-0.0200693011283875,0.00758886337280273,0,-7,0,0,3,0,0,0,0,0,0,0,0,0,0,0,-8.91247940063477,0,0,-0.248404502868652,0.0200004577636719
0,0,5,0,0,0,0,0,0.0335866212844849,0,0,0,0,0,0,0,0,0,0,0,0,0,0,0,0,0,0,0,0,0,0
0,0,-6,0,6,0,0,0.00299999862909317,0.00938546657562256,0.00486886501312256,0,-6,0,0,0,0,0,0,0,0,0,0,0,0,0,0,0,0,0,-0.0401663780212402,-0.0416660308837891
0,0,0,0,0,0,0,0,0,0,0,0,0,0,0,0,0,0,0,0,0,0,0,0,0,0,0,0,0,0,-0.0766658782958984
0,0,5,0,0,0,0,0,0.0335866212844849,0,0,0,0,0,0,0,0,0,0,0,0,0,0,0,0,0,0,0,0,0,0.0316677093505859
0,0,0,0,0,0,0,0,0,0,0,0,0,0,0,0,0,0,0,0,0,0,0,0,0,0,0,0,0,0,0
0,0,0,0,0,0,0,0,0,0,0,0,0,0,0,0,0,0,0,0,0,0,0,0,0,0,0,0,0,0,-0.0549983978271484
0,0,-7,0,0,0,0,0,0,0,0,0,0,0,0,0,0,0,0,0,0,0,0,0,0,0,0,0,0,0,0.0433330535888672
0,0,12,0,0,0,0,0,0,0,0,0,0,0,0,0,0,0,0,0,0,0,0,0,0,0,0,0,0,0,0
0,0,0,0,0,0,0,0,0,0,0,0,0,0,0,0,0,0,0,0,0,0,0,0,0,0,0,0,0,0,0
0,0,0,0,0,0,0,0,0,0,0,0,0,0,0,0,0,0,0,0,0,0,0,0,0,0,0,0,0,0,0
0,0,-45,0,0,0,0.112086251378059,0.361999999731779,0.0338985919952393,-0.0155205428600311,0,0,0,0,0,1.04999995231628,0,1.04999995231628,0,0,38.1188812255859,0,0,32.3532447814941,0,0,-0.281323432922363,0.0019000000320375,0,0.0608134269714355,0.0849990844726562
0,0,-9,0,0,0,0,-0.282000005245209,0,0,0,0,0,0,0,0,0,0,0,0,0,0,0,0,0,0,0,0,0,-0.0995721817016602,0
0,0,0,0,0,0,0,0,0,0,0,0,0,0,0,0,0,0,0,0,0,0,0,0,0,0,0,0,0,0,0
0,0,0,0,0,0,0,0,0,0,0,0,0,0,0,0,0,0,0,0,0,0,0,0,0,0,0,-0.0019000000320375,0,0,-0.0100002288818359
0,0,6,0,0,0,0,0,0,0.0761443674564362,0,0,0,0,0,0,0,0,0,0,0,0,0,0,0,0,0,0,0,0,-0.10333251953125
0,0,0,0,0,0,0,0,0,0,0,0,0,0,0,0,0,0,0,0,0,0,0,0,0,0,0,0,0,0,0
0,0,0,0,0,0,0,0,0,0,0,0,0,0,0,0,0,0,0,0,0,0,0,0,0,0,0,0,0,0,0
0,0,17,0,0,0,0,0,0,0,0,0,0,0,0,0,0,0,0,0,0,0,0,0,0,0,0,0,0,0,0
0,0,-11,0,0,0,0,0,0,0.0761443674564362,0,0,0,0,0,0,0,0,0,0,0,0,0,0,0,0,0,0,0,0,-0.0949993133544922
0,0,-17,0,0,0,0,0,0,0,0,0,0,0,0,0,0,0,0,0,0,0,0,0,0,0,0,0,0,0,0
0,0,0,0,0,0,0,0,0,0,0,0,0,0,0,0,0,0,0,0,0,0,0,0,0,0,0,0,0,0,0
0,0,115,0,0,0,0.0117397829890251,0.046000000089407,-0.14765465259552,-0.0147868096828461,0,0,0,0,0,0,0,0,0,0,0,0.0116513669490814,0.0172667130827904,0,0,0,-8.91247940063477,0,0,-0.980865001678467,-0.80000114440918
0,0,0,0,0,0,0,0,0,0,0,0,0,0,0,0,0,0,0,0,0,0,0,0,0,0,0,0,0,0,0
0,0,10,0,0,0,0,0,-0.28266841173172,0,0,0,0,0,0,0,0,0,0,0,0,-0.0116513669490814,-0.0172667130827904,0,0,0,0,0,0,0,-0.0266666412353516
0,0,0,0,0,0,0,0,0,0,0,0,0,0,0,0,0,0,0,0,0,0,0,0,0,0,0,0,0,0,0
0,0,10,0,0,0,0,0,0,0,0,0,0,0,0,0,0,0,0,0,0,0,0,0,0,0,0,0,0,0,0
0,0,0,0,0,0,0,0,0,0,0,0,0,0,0,0,0,0,0,0,0,0,0,0,0,0,0,0,0,0,0.0116653442382812
0,0,-5,0,0,0,0,0,0,0,0,0,0,0,0,0,0,0,0,0,0,0,0,0,0,0,0,0,0,0,0.0116653442382812
0,0,0,0,0,0,0,0,0,0,0,0,0,0,0,0,0,0,0,0,0,0,0,0,0,0,0,0,0,0,-0.0433330535888672
0,0,7,0,0,0,0,0,0,0,0,0,0,0,0,0,0,0,0,0,0,0,0,0,0,0,0,0,0,0,0.0433330535888672
0,0,0,0,0,0,0,0,0,0,0,0,0,0,0,0,0,0,0,0,0,0,0,0,0,0,0,0,0,0,0
0,0,5,0,0,0,0,0,0,0,0,0,0,0,0,0,0,0,0,0,0,0,0,0,0,0,0,0,0,0,0
0,0,0,0,0,0,0,0,0,0,0,0,0,0,0,0,0,0,0,0,0,0,0,0,0,0,0,0,0,0,0.0116653442382812
0,0,5,0,0,0,0,0,0,0,0,0,0,0,0,0,0,0,0,0,0,0,0,0,0,0,0,0,0,0,0
0,0,0,0,0,0,0,0,0,0,0,0,0,0,0,0,0,0,0,0,0,0,0,0,0,0,0,0,0,0,0
0,0,-5,0,0,0,0,0,0,0,0,0,0,0,0,0,0,0,0,0,0,0,0,0,0,0,0,0,0,0,0
0,0,7,0,0,0,0,0,0,0,0,0,0,0,0,0,0,0,0,0,0,0,0,0,0,0,0,0,0,0,0
0,0,-7,0,0,0,0,0,0,0,0,0,0,0,0,0,0,0,0,0,0,0,0,0,0,0,0,0,0,0,0.0433330535888672
0,0,12,0,0,0,0,0,0,0,0,0,0,0,0,0,0,0,0,0,0,0,0,0,0,0,0,0,0,0,0
0,0,0,0,0,0,0,0,0,0,0,0,0,0,0,0,0,0,0,0,0,0,0,0,0,0,0,0,0,0,0
0,0,39,0,0,0,0.0936019271612167,0.00799999758601189,-0.213358998298645,0.0170672535896301,0,0,0,3,0,1,0,6,0,0,0,0,0,0,0,0,-5.22539377212524,0,0,0.12811803817749,-0.225000381469727
0,0,0,0,0,0,0,0,0,0,0,0,0,0,0,0,0,0,0,0,0,0,0,0,0,0,0,0,0,0,0
0,0,3,0,0,0,0,0,0.0670897960662842,0,0,0,0,0,0,0,0,0,0,0,0,0,0,0,0,0,0,0,0,0,0
0,0,0,0,0,0,0,0,0,0,0,0,0,0,0,0,0,0,0,0,0,0,0,0,0,0,0,0,0,0,-0.254999160766602
0,0,3,0,0,0,0,0,0.0670897960662842,0,0,0,0,0,0,0,0,0,0,0,0,0,0,0,0,0,0,0,0,0,0.254999160766602
0,0,0,0,0,0,0,0,0,0,0,0,0,0,0,0,0,0,0,0,0,0,0,0,0,0,0,0,0,0,-0.254999160766602
0,0,73,0,0,0,0,0,0,0,0,0,0,0,0,0,0,0,0,0,0,0,0,0,0,0,0,0,0,0,0
0,0,0,0,0,0,0,0,0,0,0,0,0,0,0,0,0,0,0,0,0,0,0,0,0,0,0,0,0,0,0
0,0,0,0,0,0,0,0,0,0,0,0,0,0,0,0,0,0,0,0,0,0,0,0,0,0,0,0,0,0,0
0,0,57,0,0,0,0,0,-0.0670897960662842,0,0,0,0,0,0,0,0,0,0,0,0,0,0,0,0,0,0,0,0,0,0.229999542236328
0,0,0,0,0,0,0,0,0,0,0,0,0,0,0,0,0,0,0,0,0,0,0,0,0,0,0,0,0,0,0
0,0,0,0,0,0,0,0,0,0,0,0,0,0,0,0,0,0,0,0,0,0,0,0,0,0,0,0,0,0,0
0,0,73,0,0,0,0,0,0,0,0,0,0,0,0,0,0,0,0,0,0,0,0,0,0,0,0,0,0,0,0
0,0,0,0,0,0,0,0,0,0,0,0,0,0,0,0,0,0,0,0,0,0,0,0,0,0,0,0,0,0,0
0,0,3,0,0,0,0,0,0.0670897960662842,0,0,0,0,0,0,0,0,0,0,0,0,0,0,0,0,0,0,0,0,0,0
0,0,-3,0,0,0,0,0,-0.0670897960662842,0,0,0,0,0,0,0,0,0,0,0,0,0,0,0,0,0,0,0,0,0,0
0,0,-3,0,0,0,0,0,-0.0670897960662842,0,0,0,0,0,0,0,0,0,0,0,0,0,0,0,0,0,0,0,0,0,0.229999542236328
0,0,18,0,0,0,0,0,0,0,0,0,0,0,0,0,0,0,0,0,0,0,0,0,0,0,0,0,0,0,-0.0683326721191406
0,0,0,0,0,0,0,0,0,0,0,0,0,0,0,0,0,0,0,0,0,0,0,0,0,0,0,0,0,0,0
0,0,3,0,0,0,0,0,0.0670897960662842,0,0,0,0,0,0,0,0,0,0,0,0,0,0,0,0,0,0,0,0,0,0.254999160766602
0,0,0,0,0,0,0,0,0,0,0,0,0,0,0,0,0,0,0,0,0,0,0,0,0,0,0,0,0,0,0
0,0,-3,0,0,0,0,0,-0.0670897960662842,0,0,0,0,0,0,0,0,0,0,0,0,0,0,0,0,0,0,0,0,0,0
0,0,0,0,0,0,0,0,0,0,0,0,0,0,0,0,0,0,0,0,0,0,0,0,0,0,0,0,0,0,-0.254999160766602
0,0,-3,0,0,0,0,0,-0.0670897960662842,0,0,0,0,0,0,0,0,0,0,0,0,0,0,0,0,0,0,0,0,0,-0.0249996185302734
0,0,0,0,0,0,0,0,0,0,0,0,0,0,0,0,0,0,0,0,0,0,0,0,0,0,0,0,0,0,0
0,0,1,0,0,0,0,0,0,0,0,0,0,0,0,0,0,0,0,0,0,0,0,0,0,0,0,0,0,0,0
0,0,0,0,0,0,0,0,0,0,0,0,0,0,0,0,0,0,0,0,0,0,0,0,0,0,0,0,0,0,0
0,0,0,0,0,0,0,0,0,0,0,0,0,0,0,0,0,0,0,0,0,0,0,0,0,0,0,0,0,0,0
0,0,60,0,0,0,0,0,0,0,0,0,0,0,0,0,0,0,0,0,0,0,0,0,0,0,0,0,0,0,-0.201667785644531
0,0,0,0,0,0,0,0,0,0,0,0,0,0,0,0,0,0,0,0,0,0,0,0,0,0,0,0,0,0,0
0,0,3,0,0,0,0,0,0.0670897960662842,0,0,0,0,0,0,0,0,0,0,0,0,0,0,0,0,0,0,0,0,0,0
0,0,-3,0,0,0,0,0,-0.0670897960662842,0,0,0,0,0,0,0,0,0,0,0,0,0,0,0,0,0,0,0,0,0,-0.254999160766602
0,0,0,0,0,0,0,0,0,0,0,0,0,0,0,0,0,0,0,0,0,0,0,0,0,0,0,0,0,0,-0.254999160766602
0,0,7,0,0,0,0,0,0,0,0,0,0,0,0,0,0,0,0,0,0,0,0,0,0,0,0,0,0,0,-0.0433330535888672
0,0,0,0,0,0,0,0,0,0,0,0,0,0,0,0,0,0,0,0,0,0,0,0,0,0,0,0,0,0,0
0,0,0,0,0,0,0,0,0,0,0,0,0,0,0,0,0,0,0,0,0,0,0,0,0,0,0,0,0,0,0.0266666412353516
0,0,0,0,0,0,0,0,0,0,0,0,0,0,0,0,0,0,0,0,0,0,0,0,0,0,0,0,0,0,0
0,0,0,0,0,0,0,0,0,0,0,0,0,0,0,0,0,0,0,0,0,0,0,0,0,0,0,0,0,0,0
0,0,9,0,0,0,0,0,0,0,0,0,0,0,0,0,0,0,0,0,0,0,0,0,0,0,0,0,0,0,-0.110000610351562
0,0,5,0,0,0,0,0,0,0,0,0,0,0,0,0,0,0,0,0,0,0,0,0,0,0,0,0,0,0,0
0,0,-7,0,0,0,0,0,0,0,0,0,0,0,0,0,0,0,0,0,0,0,0,0,0,0,0,0,0,0,0
0,0,0,0,0,0,0,0,0,0,0,0,0,0,0,0,0,0,0,0,0,0,0,0,0,0,0,0,0,0,0
0,0,0,0,0,0,0,0,0,0,0,0,0,0,0,0,0,0,0,0,0,0,0,0,0,0,0,0,0,0,0
0,0,0,0,0,0,0,0,0,0,0,0,0,0,0,0,0,0,0,0,0,0,0,0,0,0,0,0,0,0,0
0,0,0,0,0,0,0,0,0,0,0,0,0,0,0,0,0,0,0,0,0,0,0,0,0,0,0,0,0,0,0
0,0,0,0,0,0,0,0,0,0,0,0,0,0,0,0,0,0,0,0,0,0,0,0,0,0,0,0,0,0,0
0,0,0,0,0,0,0,0,0,0,0,0,0,0,0,0,0,0,0,0,0,0,0,0,0,0,0,0,0,0,0
0,0,0,0,0,0,0,0,0,0,0,0,0,0,0,0,0,0,0,0,0,0,0,0,0,0,0,0,0,0,0
0,0,0,0,0,0,0,0,0,0,0,0,0,0,0,0,0,0,0,0,0,0,0,0,0,0,0,0,0,0,0
0,0,0,0,0,0,0,0,0,0,0,0,0,0,0,0,0,0,0,0,0,0,0,0,0,0,0,0,0,0,0
0,0,0,0,0,0,0,0,0,0,0,0,0,0,0,0,0,0,0,0,0,0,0,0,0,0,0,0,0,0,0
0,0,0,0,0,0,0,0,0,0,0,0,0,0,0,0,0,0,0,0,0,0,0,0,0,0,0,0,0,0,0
0,0,0,0,0,0,0,0,0,0,0,0,0,0,0,0,0,0,0,0,0,0,0,0,0,0,0,0,0,0,0
0,0,0,0,0,0,0,0,0,0,0,0,0,0,0,0,0,0,0,0,0,0,0,0,0,0,0,0,0,0,0.0333328247070312
0,0,9,0,0,0,0,0,0,0,0,0,0,0,0,0,0,0,0,0,0,0,0,0,0,0,0,0,0,0,0.0333328247070312
0,0,-9,0,0,0,0,0,0,0,0,0,0,0,0,0,0,0,0,0,0,0,0,0,0,0,0,0,0,0,-0.0333328247070312
0,0,-9,0,0,0,0,0,0,0,0,0,0,0,0,0,0,0,0,0,0,0,0,0,0,0,0,0,0,0,-0.0333328247070312
0,0,0,0,0,0,0,0,0,0,0,0,0,0,0,0,0,0,0,0,0,0,0,0,0,0,0,0,0,0,0
0,0,7,0,0,0,0,0,0,0,0,0,0,0,0,0,0,0,0,0,0,0,0,0,0,0,0,0,0,0,0
0,0,0,0,0,0,0,0,0,0,0,0,0,0,0,0,0,0,0,0,0,0,0,0,0,0,0,0,0,0,0.0433330535888672
0,0,5,0,0,0,0,0,0,0,0,0,0,0,0,0,0,0,0,0,0,0,0,0,0,0,0,0,0,0,0.0116653442382812
0,0,15,0,0,0,0.0236984342336655,-0.00100000202655792,0.0346477031707764,0.0254254937171936,0,0,0,0,0,0,0,0,0,0,0,0,0,0,0,0,-1.94390678405762,0,0,-0.340967178344727,0.00166702270507812
0,0,0,0,0,0,0,0,0,0,0,0,0,0,0,0,0,0,0,0,0,0,0,0,0,0,0,0,0,0,0
0,0,0,0,0,0,0,0,0,0,0,0,0,0,0,0,0,0,0,0,0,0,0,0,0,0,0,0,0,0,0
0,0,-4,0,0,0,0,0,0,0,0,0,0,0,0,0,0,0,0,0,0,0,0,0,0,0,0,0,0,0,0.114999771118164
0,0,0,0,0,0,0,0,0,0,0,0,0,0,0,0,0,0,0,0,0,0,0,0,0,0,0,0,0,0,0
0,0,3,0,0,0,0,0,0,0,0,0,0,0,0,0,0,0,0,0,0,0,0,0,0,0,0,0,0,0,0
0,0,0,0,0,0,0,0,0,0,0,0,0,0,0,0,0,0,0,0,0,0,0,0,0,0,0,0,0,0,0
0,0,-4,0,0,0,0,0,0,0,0,0,0,0,0,0,0,0,0,0,0,0,0,0,0,0,0,0,0,0,0.0333328247070312
0,0,0,0,0,0,0,0,0,0,0,0,0,0,0,0,0,0,0,0,0,0,0,0,0,0,0,0,0,0,0.0549983978271484
0,0,-9,0,0,0,0,0.00400000065565109,-0.0335866212844849,0,0,0,0,0,0,0,0,0,0,0,0,0,0,0,0,0,0,0,0,-0.0104875564575195,-0.0599994659423828
0,0,0,0,0,0,0,0,0,0,0,0,0,0,0,0,0,0,0,0,0,0,0,0,0,0,0,0,0,0,0.0966663360595703
0,0,0,0,0,0,0,0,0,0,0,0,0,0,0,0,0,0,0,0,0,0,0,0,0,0,0,0,0,0,0
0,0,0,0,0,0,0,0,0,0,0,0,0,0,0,0,0,0,0,0,0,0,0,0,0,0,0,0,0,0,0
0,0,6,0,0,0,0,0,0,0,0,0,0,0,0,0,0,0,0,0,0,0,0,0,0,0,0,0,0,0,-0.0283317565917969
0,0,0,0,0,0,0,0,0,0,0,0,0,0,0,0,0,0,0,0,0,0,0,0,0,0,0,0,0,0,-0.0966663360595703
0,0,0,0,0,0,0,0,0,0,0,0,0,0,0,0,0,0,0,0,0,0,0,0,0,0,0,0,0,0,0
0,0,5,0,0,0,0,-0.00400000065565109,0.0335866212844849,0,0,0,0,0,0,0,0,0,0,0,0,0,0,0,0,0,0,0,0,0.0104875564575195,0.0483341217041016
0,0,0,0,0,0,0,0,0,0,0,0,0,0,0,0,0,0,0,0,0,0,0,0,0,0,0,0,0,0,0
0,0,0,0,0,0,0,0,0,0,0,0,0,0,0,0,0,0,0,0,0,0,0,0,0,0,0,0,0,0,0
0,0,0,0,0,0,0,0,0,0,0,0,0,0,0,0,0,0,0,0,0,0,0,0,0,0,0,0,0,0,0
0,0,0,0,0,0,0,0,0,0,0,0,0,0,0,0,0,0,0,0,0,0,0,0,0,0,0,0,0,0,0.00500106811523438
0,0,0,0,0,0,0,0,0,0,0,0,0,0,0,0,0,0,0,0,0,0,0,0,0,0,0,0,0,0,-0.00500106811523438
0,0,13,0,0,0,0,0,0.0335866212844849,0,0,0,0,0,0,0,0,0,0,0,0,0,0,0,0,0,0,0,0,0,-0.0733318328857422
0,0,0,0,0,0,0,0,0,0,0,0,0,0,0,0,0,0,0,0,0,0,0,0,0,0,0,0,0,0,0
0,0,0,0,0,0,0,0,0,0,0,0,0,0,0,0,0,0,0,0,0,0,0,0,0,0,0,0,0,0,-0.0966663360595703
0,0,6,0,0,0,0.00419961661100388,0.000999998301267624,0.0250282883644104,0.00685781240463257,0,0,0,0,0,0,0,0,0,0,0,0,0,0,0,0,-2.80563926696777,0,0,0.104565620422363,0.14666748046875
0,0,0,0,0,0,0,0,0,0,0,0,0,0,0,0,0,0,0,0,0,0,0,0,0,0,0,0,0,0,0
0,0,11,0,0,0,0,0,0,0,0,0,0,0,0,0,0,0,0,0,0,0,0,0,0,0,0,0,0,0,0
0,0,0,0,0,0,0,0,0,0,0,0,0,0,0,0,0,0,0,0,0,0,0,0,0,0,0,0,0,0,0
0,0,0,0,0,0,0,0,0,0,0,0,0,0,0,0,0,0,0,0,0,0,0,0,0,0,0,0,0,0,0.0966663360595703
0,0,0,0,0,0,0,0,0,0,0,0,0,0,0,0,0,0,0,0,0,0,0,0,0,0,0,0,0,0,0
0,0,0,0,0,0,0,0,0,0,0,0,0,0,0,0,0,0,0,0,0,0,0,0,0,0,0,0,0,0,0
0,0,31,0,0,0,0.0309632197022438,0.00299999862909317,0.0703747868537903,0.0339930653572083,0,0,0,0,0,0,0,0,0,0,0,0,0,0,0,0,-1.53442525863647,0,0,-0.743676662445068,-0.239999771118164
0,0,0,0,0,0,0,0,0,0,0,0,0,0,0,0,0,0,0,0,0,0,0,0,0,0,0,0,0,0,0
0,0,-3,0,0,0,0,0,0,-0.0117439031600952,0,0,0,0,0,0,0,0,0,0,0,0,0,0,0,0,0,0,0,0,0.0316677093505859
0,0,0,0,0,0,0,0,0,0,0,0,0,0,0,0,0,0,0,0,0,0,0,0,0,0,0,0,0,0,0
0,0,-53,0,0,0,-0.0118990018963814,0.236000012606382,-0.0939363241195679,0.0226018726825714,0,0,0,0,0,0,0,0,0,4.51487064361572,8.9330644607544,0,0,36.9273490905762,0,4.86775732040405,3.30547666549683,0.0306000001728535,0,0.208871364593506,0.331666946411133
0,0,0,0,0,0,0,0,0,0,0,0,0,0,0,0,0,0,0,0,0,0,0,0,0,0,0,0,0,0,0.00500106811523438
0,0,0,0,0,0,0,0,0,0,0,0,0,0,0,0,0,0,0,0,0,0,0,0,0,0,0,0,0,0,0
0,0,4,0,0,0,0,0,0,0,0,0,0,0,0,0,0,0,0,0,0,0,0,0,0,0,0,0,0,0,0.0183334350585938
0,0,0,0,0,0,0,0,0,0,0,0,0,0,0,0,0,0,0,0,0,0,0,0,0,0,0,0,0,0,0
0,0,0,0,0,0,0,0,0,0,0,0,0,0,0,0,0,0,0,0,0,0,0,0,0,0,0,0,0,0,0
0,0,0,0,0,0,0,0,0,0,0,0,0,0,0,0,0,0,0,0,0,0,0,0,0,0,0,0,0,0,0
0,0,0,0,0,0,0,0,0,0,0,0,0,0,0,0,0,0,0,0,0,0,0,0,0,0,0,0,0,0,0
0,0,0,0,0,0,0,0,0,0,0,0,0,0,0,0,0,0,0,0,0,0,0,0,0,0,0,0,0,0,0
0,0,4,0,0,0,0,0,0,0,0,0,0,0,0,0,0,0,0,0,0,0,0,0,0,0,0,0,0,0,0.00500106811523438
0,0,0,0,0,0,0,0,0,0,0,0,0,0,0,0,0,0,0,0,0,0,0,0,0,0,0,0,0,0,0.0183334350585938
0,0,0,0,0,0,0,0,0,0,0,0,0,0,0,0,0,0,0,0,0,0,0,0,0,0,0,0,0,0,0
0,0,2,0,0,0,0,0,0,0,0,0,0,0,0,0,0,0,0,0,0,0,0,0,0,0,0,0,0,0,-0.051666259765625
0,0,0,0,0,0,0,0,0,0,0,0,0,0,0,0,0,0,0,0,0,0,0,0,0,0,0,0,0,0,0
0,0,0,0,0,0,0,0,0,0,0,0,0,0,0,0,0,0,0,0,0,0,0,0,0,0,0,0,0,0,0
0,0,0,0,0,0,0,0,0,0,0,0,0,0,0,0,0,0,0,0,0,0,0,0,0,0,0,0,0,0,0
0,0,-2,0,0,0,0,0,-0.0241129994392395,0,0,0,0,0,0,0,0,0,0,0,0,0,0,0,0,0,24.1303863525391,0,0,0,-0.051666259765625
0,0,0,0,0,0,0,0,0,0,0,0,0,0,0,0,0,0,0,0,0,0,0,0,0,0,0,0,0,0,0.0183334350585938
0,0,0,0,0,0,0,0,0,0,0,0,0,0,0,0,0,0,0,0,0,0,0,0,0,0,0,0,0,0,0
0,0,0,0,0,0,0,0,0,0,0,0,0,0,0,0,0,0,0,0,0,0,0,0,0,0,0,0,0,0,0
0,0,0,0,0,0,0,0,0,0,0,0,0,0,0,0,0,0,0,0,0,0,0,0,0,0,0,0,0,0,0
0,0,6,0,0,0,0,0,0.0335866212844849,0,0,0,0,0,0,0,0,0,0,0,0,0,0,0,0,0,0,0,0,0,0.0133342742919922
0,0,0,0,0,0,0,0,0,0,0,0,0,0,0,0,0,0,0,0,0,0,0,0,0,0,0,0,0,0,0.0100002288818359
0,0,7,0,0,0,0,0,0,0,0,0,0,0,0,0,0,0,0,0,0,0,0,0,0,0,0,0,0,0,0
0,0,0,0,0,0,0,0,0,0,0,0,0,0,0,0,0,0,0,0,0,0,0,0,0,0,0,0,0,0,0
0,0,0,0,0,0,0,0,0,0,0,0,0,0,0,0,0,0,0,0,0,0,0,0,0,0,0,0,0,0,0.0100002288818359
0,0,-1,0,0,0,0,-0.00400000065565109,0,0,0,0,0,0,0,0,0,0,0,0,0,0,0,0,0,0,0,0,0,0.0104875564575195,0.0249996185302734
0,0,0,0,0,0,0,0,0,0,0,0,0,0,0,0,0,0,0,0,0,0,0,0,0,0,0,0,0,0,0
0,0,0,0,0,0,0,0,0,0,0,0,0,0,0,0,0,0,0,0,0,0,0,0,0,0,0,0,0,0,0
0,0,0,0,0,0,0,0,0,0,0,0,0,0,0,0,0,0,0,0,0,0,0,0,0,0,0,0,0,0,-0.0100002288818359
0,0,7,0,0,0,0,0,0,0,0,0,0,0,0,0,0,0,0,0,0,0,0,0,0,0,0,0,0,0,0.0100002288818359
0,0,-1,0,0,0,0,0,0,0,0,0,0,0,0,0,0,0,0,0,0,0,0,0,0,0,0,0,0,0,0
0,0,0,0,0,0,0,0,0,0,0,0,0,0,0,0,0,0,0,0,0,0,0,0,0,0,0,0,0,0,0
0,0,-1,0,0,0,0,0,0,0,0,0,0,0,0,0,0,0,0,0,0,0,0,0,0,0,0,0,0,0,0.0600013732910156
0,0,0,0,0,0,0,0,0,0,0,0,0,0,0,0,0,0,0,0,0,0,0,0,0,0,0,0,0,0,0
0,0,0,0,0,0,0,0,0,0,0,0,0,0,0,0,0,0,0,0,0,0,0,0,0,0,0,0,0,0,0
0,0,0,0,0,0,0,0,0,0,0,0,0,0,0,0,0,0,0,0,0,0,0,0,0,0,0,0,0,0,0
0,0,0,0,0,0,0,0,0,0,0,0,0,0,0,0,0,0,0,0,0,0,0,0,0,0,0,0,0,0,0
0,0,0,0,0,0,0,0,0,0,0,0,0,0,0,0,0,0,0,0,0,0,0,0,0,0,0,0,0,0,0
0,0,0,0,0,0,0,0,0,0,0,0,0,0,0,0,0,0,0,0,0,0,0,0,0,0,0,0,0,0,0
0,0,0,0,0,0,0,0,0,0,0,0,0,0,0,0,0,0,0,0,0,0,0,0,0,0,0,0,0,0,0
0,0,0,0,0,0,0,0,0,0,0,0,0,0,0,0,0,0,0,0,0,0,0,0,0,0,0,0,0,0,-0.0283317565917969
0,0,6,0,6,0,0,0,0,0,0,-6,0,0,0,0,0,0,0,0,0,0,0,0,0,0,0,0,0,0,0.0283317565917969
0,0,0,0,0,0,0,0,0,0,0,0,0,0,0,0,0,0,0,0,0,0,0,0,0,0,0,0,0,0,0
0,0,6,0,6,0,0,0,0,0,0,-6,0,0,0,0,0,0,0,0,0,0,0,0,0,0,0,0,0,0,-0.0283317565917969
0,0,-42,0,-6,13,0.0114864110946655,0.0659999959170818,0.0535983443260193,0.0190515220165253,0,-7,0,0,0,0,0,0,0,0,0,0,0,0,0,0,-4.32408332824707,0,41,-0.124654293060303,0.0983333587646484
0,0,0,0,0,0,0,0,0,0,0,0,0,0,0,0,0,0,0,0,0,0,0,0,0,0,0,0,0,0,0
0,0,0,0,0,0,0,0,0,0,0,0,0,0,0,0,0,0,0,0,0,0,0,0,0,0,0,0,0,0,0
0,0,0,0,0,0,0,0,0,0,0,0,0,0,0,0,0,0,0,0,0,0,0,0,0,0,0,0,0,0,0
0,0,0,0,0,0,0,0,0,0,0,0,0,0,0,0,0,0,0,0,0,0,0,0,0,0,0,0,0,0,0
0,0,0,0,0,0,0,0,0,0,0,0,0,0,0,0,0,0,0,0,0,0,0,0,0,0,0,0,0,0,0.0883331298828125
0,0,0,0,0,0,0,0,0,0,0,0,0,0,0,0,0,0,0,0,0,0,0,0,0,0,0,0,0,0,0.0883331298828125
0,0,0,0,0,0,0,0,0,0,0,0,0,0,0,0,0,0,0,0,0,0,0,0,0,0,0,0,0,0,0
0,0,-1,0,-6,0,0,0,0,0,0,6,0,0,0,0,0,0,0,0,0,0,0,0,0,0,0,0,0,0,0
0,0,-1,0,-6,0,0,0,0,0,0,6,0,0,0,0,0,0,0,0,0,0,0,0,0,0,0,0,0,0,0
0,0,0,0,0,0,0,0,0,0,0,0,0,0,0,0,0,0,0,0,0,0,0,0,0,0,0,0,0,0,0
0,0,1,0,6,0,0,0,0,0,0,-6,0,0,0,0,0,0,0,0,0,0,0,0,0,0,0,0,0,0,0
0,0,0,0,0,0,0,0,0,0,0,0,0,0,0,0,0,0,0,0,0,0,0,0,0,0,0,0,0,0,0
0,0,-5,0,0,0,0,0,0,0,0,0,0,0,0,0,0,0,0,0,0,0,0,0,0,0,0,0,0,0,0.0283317565917969
0,0,0,0,0,0,0,0,0,0,0,0,0,0,0,0,0,0,0,0,0,0,0,0,0,0,0,0,0,0,0
0,0,0,0,0,0,0,0,0,0,0,0,0,0,0,0,0,0,0,0,0,0,0,0,0,0,0,0,0,0,0
0,0,0,0,0,0,0,0,0,0,0,0,0,0,0,0,0,0,0,0,0,0,0,0,0,0,0,0,0,0,0
0,0,0,0,0,0,0,0,0,0,0,0,0,0,0,0,0,0,0,0,0,0,0,0,0,0,0,0,0,0,0
0,0,0,0,0,0,0,0,0,0,0,0,0,0,0,0,0,0,0,0,0,0,0,0,0,0,0,0,0,0,0
0,0,0,0,0,0,0,0,0,0,0,0,0,0,0,0,0,0,0,0,0,0,0,0,0,0,0,0,0,0,-0.0466651916503906
0,0,5,0,0,0,0,0,0,0,0,0,0,0,0,0,0,0,0,0,0,0,0,0,0,0,0,0,0,0,0
0,0,0,0,0,0,0,0,0,0,0,0,0,0,0,0,0,0,0,0,0,0,0,0,0,0,0,0,0,0,0
0,0,0,0,0,0,0,0,0,0,0,0,0,0,0,0,0,0,0,0,0,0,0,0,0,0,0,0,0,0,0
0,0,0,0,0,0,0,0,0,0,0,0,0,0,0,0,0,0,0,0,0,0,0,0,0,0,0,0,0,0,0
0,0,0,0,0,0,0,0,0,0,0,0,0,0,0,0,0,0,0,0,0,0,0,0,0,0,0,0,0,0,0.0466651916503906
0,0,0,0,0,0,0,0,0,0,0,0,0,0,0,0,0,0,0,0,0,0,0,0,0,0,0,0,0,0,0
0,0,0,0,0,0,0,0,0,0,0,0,0,0,0,0,0,0,0,0,0,0,0,0,0,0,0,0,0,0,0
0,0,0,0,0,0,0,0,0,0,0,0,0,0,0,0,0,0,0,0,0,0,0,0,0,0,0,0,0,0,0.0466651916503906
0,0,0,0,0,0,0,0,0,0,0,0,0,0,0,0,0,0,0,0,0,0,0,0,0,0,0,0,0,0,0
0,0,0,0,0,0,0,0,0,0,0,0,0,0,0,0,0,0,0,0,0,0,0,0,0,0,0,0,0,0,0
0,0,-4,0,0,0,0,0.00400000065565109,0,0,0,0,0,0,0,0,0,0,0,0,0,0,0,0,0,0,0,0,0,-0.0104875564575195,-0.0466651916503906
0,0,-7,0,0,0,0,0,0,0,0,0,0,0,0,0,0,0,0,0,0,0,0,0,0,0,0,0,0,0,-0.0216655731201172
0,0,9,0,0,0,0,0,0,0,0,0,0,0,0,0,0,0,0,0,0,0,0,0,0,0,0,0,0,0,0
0,0,19,0,0,0,0,0,0,0,0,0,0,0,0,0,0,0,0,0,0,0,0,0,0,0,0,0,0,0,0
0,0,0,0,0,0,0,0,0,0,0,0,0,0,0,0,0,0,0,0,0,0,0,0,0,0,0,0,0,0,0
0,0,0,0,0,0,0,0,0,0,0,0,0,0,0,0,0,0,0,0,0,0,0,0,0,0,0,0,0,0,0
0,0,0,0,0,0,0,0,0,0,0,0,0,0,0,0,0,0,0,0,0,0,0,0,0,0,0,0,0,0,0
0,0,0,0,0,0,0,0,0,0,0,0,0,0,0,0,0,0,0,0,0,0,0,0,0,0,0,0,0,0,0.0666656494140625
0,0,0,0,0,0,0,0,0,0,0,0,0,0,0,0,0,0,0,0,0,0,0,0,0,0,0,0,0,0,0
0,0,0,0,0,0,0,0,0,0,0,0,0,0,0,0,0,0,0,0,0,0,0,0,0,0,0,0,0,0,0
0,0,0,0,0,0,0,0,0,0,0,0,0,0,0,0,0,0,0,0,0,0,0,0,0,0,0,0,0,0,0
0,0,-23,0,0,0,0,0,0,0,0,0,0,0,0,0,0,0,0,0,0,0,0,0,0,0,0,0,0,0,0
0,0,0,0,0,0,0,0,0,0,0,0,0,0,0,0,0,0,0,0,0,0,0,0,0,0,0,0,0,0,0.0666656494140625
0,0,0,0,0,0,0,0,0,0,0,0,0,0,0,0,0,0,0,0,0,0,0,0,0,0,0,0,0,0,0
0,0,0,0,0,0,0,0,0,0,0,0,0,0,0,0,0,0,0,0,0,0,0,0,0,0,0,0,0,0,-0.0666656494140625
0,0,0,0,0,0,0,0,0,0,0,0,0,0,0,0,0,0,0,0,0,0,0,0,0,0,0,0,0,0,0
0,0,0,0,0,0,0,0,0,0,0,0,0,0,0,0,0,0,0,0,0,0,0,0,0,0,0,0,0,0,0
0,0,0,0,0,0,0,0,0,0,0,0,0,0,0,0,0,0,0,0,0,0,0,0,0,0,0,0,0,0,0
0,0,-23,0,0,0,0,0,0,0,0,0,0,0,0,0,0,0,0,0,0,0,0,0,0,0,0,0,0,0,0
0,0,-23,0,0,0,0,0,0,0,0,0,0,0,0,0,0,0,0,0,0,0,0,0,0,0,0,0,0,0,0
0,0,0,0,0,0,0,0,0,0,0,0,0,0,0,0,0,0,0,0,0,0,0,0,0,0,0,0,0,0,0
0,0,0,0,0,0,0,0,0,0,0,0,0,0,0,0,0,0,0,0,0,0,0,0,0,0,0,0,0,0,0
0,0,0,0,0,0,0,0,0,0,0,0,0,0,0,0,0,0,0,0,0,0,0,0,0,0,0,0,0,0,0
0,0,0,0,0,0,0,0,0,0,0,0,0,0,0,0,0,0,0,0,0,0,0,0,0,0,0,0,0,0,0
0,0,5,0,0,0,0,0,0,0,0,0,0,0,0,0,0,0,0,0,0,0,0,0,0,0,0,0,0,0,0
0,0,0,0,0,0,0,0,0,0,0,0,0,0,0,0,0,0,0,0,0,0,0,0,0,0,0,0,0,0,0
0,0,-5,0,0,0,0,0,0,0,0,0,0,0,0,0,0,0,0,0,0,0,0,0,0,0,0,0,0,0,-0.0549983978271484
0,0,0,0,0,0,0,0,0,0,0,0,0,0,0,0,0,0,0,0,0,0,0,0,0,0,0,0,0,0,0.0549983978271484
0,0,0,0,0,0,0,0,0,0,0,0,0,0,0,0,0,0,0,0,0,0,0,0,0,0,0,0,0,0,0.0266666412353516
0,0,-7,0,0,0,0,0,0,0,0,0,0,0,0,0,0,0,0,0,0,0,0,0,0,0,0,0,0,0,0.0166664123535156
0,0,0,0,0,0,0,0,0,0,0,0,0,0,0,0,0,0,0,0,0,0,0,0,0,0,0,0,0,0,0.0283317565917969
0,0,6,0,6,0,0,0,0,0,0,-6,0,0,0,0,0,0,0,0,0,0,0,0,0,0,0,0,0,0,-0.0283317565917969
0,0,-4,0,0,0,0,0.00699999928474426,0.05894935131073,0.00486886501312256,0,0,0,0,0,0,0,0,0,0,0,0,0,0,0,0,0,0,0,-0.0506539344787598,-0.118331909179688
0,0,0,0,0,0,0,0,0,0,0,0,0,0,0,0,0,0,0,0,0,0,0,0,0,0,0,0,0,0,0
0,0,0,0,0,0,0,0,0,0,0,0,0,0,0,0,0,0,0,0,0,0,0,0,0,0,0,0,0,0,0
0,0,0,0,0,0,0,0,0,0,0,0,0,0,0,0,0,0,0,0,0,0,0,0,0,0,0,0,0,0,0
0,0,0,0,0,0,0,0,0,0,0,0,0,0,0,0,0,0,0,0,0,0,0,0,0,0,0,0,0,0,0
0,0,0,0,0,0,0,0,0,0,0,0,0,0,0,0,0,0,0,0,0,0,0,0,0,0,0,0,0,0,0
0,0,0,0,0,0,0,0,0,0,0,0,0,0,0,0,0,0,0,0,0,0,0,0,0,0,0,0,0,0,0
0,0,0,0,0,0,0,0,0,0,0,0,0,0,0,0,0,0,0,0,0,0,0,0,0,0,0,0,0,0,0
0,0,0,0,0,0,0,0,0,0,0,0,0,0,0,0,0,0,0,0,0,0,0,0,0,0,0,0,0,0,0
0,0,-9,0,0,0,0,0.00400000065565109,0,0,0,0,0,0,0,0,0,0,0,0,0,0,0,0,0,0,0,0,0,-0.0104875564575195,-0.0799999237060547
0,0,0,0,0,0,0,0,0,0,0,0,0,0,0,0,0,0,0,0,0,0,0,0,0,0,0,0,0,0,0
0,0,0,0,0,0,0,0,0,0,0,0,0,0,0,0,0,0,0,0,0,0,0,0,0,0,0,0,0,0,0
0,0,0,0,0,0,0,0,0,0,0,0,0,0,0,0,0,0,0,0,0,0,0,0,0,0,0,0,0,0,0
0,0,0,0,0,0,0,0,0,0,0,0,0,0,0,0,0,0,0,0,0,0,0,0,0,0,0,0,0,0,0
0,0,0,0,0,0,0,0,0,0,0,0,0,0,0,0,0,0,0,0,0,0,0,0,0,0,0,0,0,0,0
0,0,6,0,6,0,0,0,0,0,0,-6,0,0,0,0,0,0,0,0,0,0,0,0,0,0,0,0,0,0,0
0,0,0,0,0,0,0,0,0,0,0,0,0,0,0,0,0,0,0,0,0,0,0,0,0,0,0,0,0,0,0
0,0,0,0,0,0,0,0,0,0,0,0,0,0,0,0,0,0,0,0,0,0,0,0,0,0,0,0,0,0,0
0,0,-6,0,0,0,0,0,0,0,0,0,0,0,0,0,0,0,0,0,0,0,0,0,0,0,0,0,0,0,0.0600013732910156
0,0,0,0,0,0,0,0,0,0,0,0,0,0,0,0,0,0,0,0,0,0,0,0,0,0,0,0,0,0,0
0,0,-3,0,0,0,0,0,0,0,0,0,0,0,0,0,0,0,0,0,0,0,0,0,0,0,0,0,0,0,0
0,0,0,0,0,0,0,0,0,0,0,0,0,0,0,0,0,0,0,0,0,0,0,0,0,0,0,0,0,0,0
0,0,3,0,0,0,0,0,0,0,0,0,0,0,0,0,0,0,0,0,0,0,0,0,0,0,0,0,0,0,0
0,0,0,0,0,0,0,0,0,0,0,0,0,0,0,0,0,0,0,0,0,0,0,0,0,0,0,0,0,0,0
0,0,0,0,0,0,0,0,0,0,0,0,0,0,0,0,0,0,0,0,0,0,0,0,0,0,0,0,0,0,0
0,0,0,0,0,0,0,0,0,0,0,0,0,0,0,0,0,0,0,0,0,0,0,0,0,0,0,0,0,0,0
0,0,0,0,0,0,0,0.00400000065565109,0,0,0,0,0,0,0,0,0,0,0,0,0,0,0,0,0,0,0,0,0,0,-0.0966663360595703
0,0,0,0,0,0,0,-0.00400000065565109,0,0,0,0,0,0,0,0,0,0,0,0,0,0,0,0,0,0,0,0,0,0,0
0,0,0,0,0,0,0,-0.00400000065565109,0,0,0,0,0,0,0,0,0,0,0,0,0,0,0,0,0,0,0,0,0,0,0
0,0,-24,0,0,0,0.0114864110946655,0.0219999961555004,0.0267236232757568,0.0215117633342743,0,0,0,0,0,0,0,0,0,0,0,0,0,0,0,0,5.83009433746338,0,0,-0.188199520111084,0.154998779296875
38,NA,NA,NA,NA,NA,NA,NA,0.014561653137207,NA,NA,NA,NA,0,NA,0,0,1,NA,0,0,0,0,0,0,0,4.8545503616333,0.0046168053522706,NA,-0.0163068771362305,NA
0,NA,NA,NA,NA,NA,NA,NA,0,NA,NA,NA,NA,0,NA,0,0,0,NA,0,0,0,0,0,0,0,0,0,NA,0,NA
0,0,0,0,0,0,NA,NA,0,NA,0,0,0,0,0,0,0,0,NA,0,0,0,0,0,0,0,0,0,NA,0,NA
0,NA,NA,NA,NA,NA,NA,NA,0,NA,NA,NA,NA,0,NA,0,0,0,NA,0,0,0,0,0,0,0,0,0,NA,0,NA
0,NA,NA,NA,NA,NA,NA,NA,0,NA,NA,NA,NA,0,NA,0,0,0,NA,0,0,0,0,0,0,0,0,0,NA,0,NA
0,NA,NA,NA,NA,NA,NA,NA,0,NA,NA,NA,NA,0,NA,0,0,0,NA,0,0,0,0,0,0,0,0,0,NA,0,NA
0,NA,NA,NA,NA,NA,NA,NA,0,NA,NA,NA,NA,0,NA,0,0,0,NA,0,0,0,0,0,0,0,0,0,NA,0,NA
0,NA,NA,NA,NA,NA,NA,NA,0,NA,NA,NA,NA,0,NA,0,0,0,NA,0,0,0,0,0,0,0,0,0,NA,0,NA
0,NA,NA,NA,NA,NA,NA,NA,0,NA,NA,NA,NA,0,NA,0,0,0,NA,0,0,0,0,0,0,0,0,0,NA,0,NA
0,NA,NA,NA,NA,NA,NA,NA,0,NA,NA,NA,NA,0,NA,0,0,0,NA,0,0,0,0,0,0,0,0,0,NA,0,NA
0,NA,NA,NA,NA,NA,NA,NA,0,NA,NA,NA,NA,0,NA,0,0,0,NA,0,0,0,0,0,0,0,0,0,NA,0,NA
0,NA,NA,NA,NA,NA,NA,NA,0,NA,NA,NA,NA,0,NA,0,0,0,NA,0,0,0,0,0,0,0,0,0,NA,0,NA
0,NA,NA,NA,NA,NA,NA,NA,0,NA,NA,NA,NA,0,NA,0,0,0,NA,0,0,0,0,0,0,0,0,0,NA,0,NA
0,0,0,0,0,0,0,0,0,0,0,0,0,0,0,0,0,0,0,0,0,0,0,0,0,0,0,0,0,0,0
0,0,8,0,0,0,0,0.00400000065565109,0,0,0,0,0,0,0,0,0,0,0,0,0,0,0,0,0,0,0,0,0,-0.0104875564575195,0
0,0,-8,0,0,0,0,-0.00400000065565109,0,0,0,0,0,0,0,0,0,0,0,0,0,0,0,0,0,0,0,0,0,0.0104875564575195,0
0,0,0,0,0,0,0,0,0,0,0,0,0,0,0,0,0,0,0,0,0,0,0,0,0,0,0,0,0,0,0
0,0,0,0,0,0,0,0,0,0,0,0,0,0,0,0,0,0,0,0,0,0,0,0,0,0,0,0,0,0,0
0,0,0,0,0,0,0,0,0,0,0,0,0,0,0,0,0,0,0,0,0,0,0,0,0,0,0,0,0,0,0
0,0,0,0,0,0,0,0,0,0,0,0,0,0,0,0,0,0,0,0,0,0,0,0,0,0,0,0,0,0,0
0,0,-7,0,0,0,0,0,0,0,0,0,0,0,0,0,0,0,0,0,0,0,0,0,0,0,0,0,0,0,-0.0100002288818359
0,0,0,0,0,0,0,0,0,0,0,0,0,0,0,0,0,0,0,0,0,0,0,0,0,0,0,0,0,0,-0.0716667175292969
0,0,3,0,0,0,0,0,0,0,0,0,0,0,0,0,0,0,0,0,0,0,0,0,0,0,0,0,0,0,0
0,0,0,0,0,0,0,0,0,0,0,0,0,0,0,0,0,0,0,0,0,0,0,0,0,0,0,0,0,0,0
0,0,0,0,0,0,0,0,0,0,0,0,0,0,0,0,0,0,0,0,0,0,0,0,0,0,0,0,0,0,0
0,0,-10,0,0,0,0,0,0,0,0,0,0,0,0,0,0,0,0,0,0,0,0,0,0,0,0,0,0,0,0
0,0,10,0,0,0,0,0,0,0,0,0,0,0,0,0,0,0,0,0,0,0,0,0,0,0,0,0,0,0,0
0,0,0,0,0,0,0,0,0,0,0,0,0,0,0,0,0,0,0,0,0,0,0,0,0,0,0,0,0,0,0
0,0,4,0,0,0,0,0,0,0,0,0,0,0,0,0,0,0,0,0,0,0,0,0,0,0,0,0,0,0,0
0,0,-4,0,0,0,0,0,0,0,0,0,0,0,0,0,0,0,0,0,0,0,0,0,0,0,0,0,0,0,-0.0816669464111328
0,0,0,0,0,0,0,0,0,0,0,0,0,0,0,0,0,0,0,0,0,0,0,0,0,0,0,0,0,0,0
0,0,0,0,0,0,0,0,0,0,0,0,0,0,0,0,0,0,0,0,0,0,0,0,0,0,0,0,0,0,0
0,0,0,0,0,0,0,0,0,0,0,0,0,0,0,0,0,0,0,0,0,0,0,0,0,0,0,0,0,0,0
0,0,0,0,0,0,0,0,0,0,0,0,0,0,0,0,0,0,0,0,0,0,0,0,0,0,0,0,0,0,0
0,0,0,0,0,0,0,0,0,0,0,0,0,0,0,0,0,0,0,0,0,0,0,0,0,0,0,0,0,0,0
0,0,0,0,0,0,0,0,0,0,0,0,0,0,0,0,0,0,0,0,0,0,0,0,0,0,0,0,0,0,0.0450000762939453
0,0,0,0,0,0,0,0,0,0,0,0,0,0,0,0,0,0,0,0,0,0,0,0,0,0,0,0,0,0,0
0,0,0,0,0,0,0,0,0,0,0,0,0,0,0,0,0,0,0,0,0,0,0,0,0,0,0,0,0,0,0
0,0,0,0,0,0,0,0,0,0,0,0,0,0,0,0,0,0,0,0,0,0,0,0,0,0,0,0,0,0,0.0450000762939453
0,0,-143,27,16,2,0.361045524477959,0.292000006884336,0.0023808479309082,-0.039188414812088,0,-45,0,12.1199998855591,0,17.1700000762939,2.01999998092651,3.02999997138977,0,0,27.1118755340576,0,0,27.8992614746094,0,0,111.929096221924,0,5,-1.04665040969849,0.100000381469727
0,0,29,0,0,0,0.0179041996598244,0.00499999895691872,-0.48992583155632,0.00541418790817261,0,0,0,0,0,0,0,0,0,0,0,0,0,0,0,0,-0.0384664535522461,0,1,-0.28345251083374,-0.141666412353516
0,0,6,0,0,0,0,0,0,0,0,0,0,0,0,0,0,0,0,0,0,0,0,0,0,0,0,0,0,0,0.0499992370605469
0,0,0,0,0,0,0,0,0,0,0,0,0,0,0,0,0,0,0,0,0,0,0,0,0,0,0,0,0,0,0
0,0,0,0,0,0,0,0,0,0,0,0,0,0,0,0,0,0,0,0,0,0,0,0,0,0,0,0,0,0,0.119998931884766
0,0,0,0,0,0,0,0,0,0,0,0,0,0,0,0,0,0,0,0,0,0,0,0,0,0,0,0,0,0,0
0,0,22,0,0,0,0,0,0.0436917245388031,0,0,0,0,0,0,0,0,0,0,0,0,0,0,0,0,0,0,0,0,0,0.0100002288818359
0,0,0,0,0,0,0,0,0,0,0,0,0,0,0,0,0,0,0,0,0,0,0,0,0,0,0,0,0,0,0.0499992370605469
0,0,0,0,0,0,0,0,0,0,0,0,0,0,0,0,0,0,0,0,0,0,0,0,0,0,0,0,0,0,0
0,0,-35,0,0,0,0,0,0,0,0,0,0,0,0,0,0,0,0,0,0,0,0,0,0,0,0,0,0,0,0.0699996948242188
0,0,0,0,0,0,0,0,0,0,0,0,0,0,0,0,0,0,0,0,0,0,0,0,0,0,0,0,0,0,0
0,0,0,0,0,0,0,0,0,0,0,0,0,0,0,0,0,0,0,0,0,0,0,0,0,0,0,0,0,0,0.0816669464111328
0,0,-11,0,0,0,-0.00147482752799988,0.00499999895691872,-0.203601896762848,-0.0106608271598816,0,0,0,0,0,0,0,0,0,0,0,0,0,0,0,0,25.5434608459473,0,0,-0.231733322143555,-0.0933341979980469
0,0,-4,0,0,0,0,0,0,0,0,0,0,0,0,0,0,0,0,0,0,0,0,0,0,0,0,0,0,0,0
0,0,0,0,0,0,0,0,0,0,0,0,0,0,0,0,0,0,0,0,0,0,0,0,0,0,0,0,0,0,0.0550003051757812
0,0,0,0,0,0,0,0,0,0,0,0,0,0,0,0,0,0,0,0,0,0,0,0,0,0,0,0,0,0,0.0249996185302734
0,0,0,0,0,0,0,0,0,0,0,0,0,0,0,0,0,0,0,0,0,0,0,0,0,0,0,0,0,0,0.106666564941406
0,0,0,0,0,0,0,0,0,0,0,0,0,0,0,0,0,0,0,0,0,0,0,0,0,0,0,0,0,0,0
0,0,6,0,0,0,0,0.00999999791383743,0,0,0,0,0,0,0,0,0,0,0,0,0,0,0,0,0,0,0,0,0,-0.0442824363708496,0
0,0,-6,0,0,0,0,-0.00999999791383743,0,0,0,0,0,0,0,0,0,0,0,0,0,0,0,0,0,0,0,0,0,0.0442824363708496,-0.0616664886474609
0,0,-1,0,0,0,0,0,0,0,0,0,0,0,0,0,0,0,0,0,0,0,0,0,0,0,0,0,0,0,-0.123332977294922
0,0,0,0,0,0,0,0,0,0,0,0,0,0,0,0,0,0,0,0,0,0,0,0,0,0,0,0,0,0,0
0,0,13,0,0,0,0,0,0,0,0,0,0,0,0,0,0,0,0,0,0,0,0,0,0,0,0,0,0,0,-0.0333328247070312
0,0,0,0,0,0,0,0,0,0,0,0,0,0,0,0,0,0,0,0,0,0,0,0,0,0,0,0,0,0,0.0999984741210938
0,0,-9,0,0,0,0,0,0,0,0,0,0,0,0,0,0,0,0,0,0,0,0,0,0,0,0,0,0,0,0
0,0,0,0,0,0,0,0,0,0,0,0,0,0,0,0,0,0,0,0,0,0,0,0,0,0,0,0,0,0,-0.114999771118164
0,0,0,0,0,0,0,0,0,0,0,0,0,0,0,0,0,0,0,0,0,0,0,0,0,0,0,0,0,0,0
0,0,0,0,0,0,0,0,0,0,0,0,0,0,0,0,0,0,0,0,0,0,0,0,0,0,0,0,0,0,0
0,0,0,0,0,0,0,0,0,0,0,0,0,0,0,0,0,0,0,0,0,0,0,0,0,0,0,0,0,0,0
0,0,0,0,0,0,0,0,0,0,0,0,0,0,0,0,0,0,0,0,0,0,0,0,0,0,0,0,0,0,0
0,0,0,0,0,0,0,0,0,0,0,0,0,0,0,0,0,0,0,0,0,0,0,0,0,0,0,0,0,0,0
0,0,0,0,0,0,0,0,0,0,0,0,0,0,0,0,0,0,0,0,0,0,0,0,0,0,0,0,0,0,0.0249996185302734
0,0,-10,0,0,0,0,0,0,0,0,0,0,0,0,0,0,0,0,0,0,0,0,0,0,0,0,0,0,0,-0.0616664886474609
0,0,0,0,0,0,0,0,0,0,0,0,0,0,0,0,0,0,0,0,0,0,0,0,0,0,0,0,0,0,0
0,0,0,0,0,0,0,0,0,0,0,0,0,0,0,0,0,0,0,0,0,0,0,0,0,0,0,0,0,0,0
0,0,0,0,0,0,0,0,0,0,0,0,0,0,0,0,0,0,0,0,0,0,0,0,0,0,0,0,0,0,0
0,0,0,0,0,0,0,0,0,0,0,0,0,0,0,0,0,0,0,0,0,0,0,0,0,0,0,0,0,0,0
0,0,-3,0,0,0,0,0,0,0,0,0,0,0,0,0,0,0,0,0,0,0,0,0,0,0,0,0,0,0,0
0,0,0,0,0,0,0,0,0,0,0,0,0,0,0,0,0,0,0,0,0,0,0,0,0,0,0,0,0,0,0
0,0,0,0,0,0,0,0,0,0,0,0,0,0,0,0,0,0,0,0,0,0,0,0,0,0,0,0,0,0,0
0,0,0,0,0,0,0,0,0,0,0,0,0,0,0,0,0,0,0,0,0,0,0,0,0,0,0,0,0,0,0
0,0,1,0,0,0,0,0,0,0,0,0,0,0,0,0,0,0,0,0,0,0,0,0,0,0,0,0,0,0,-0.0716667175292969
0,0,-10,0,0,0,0,0,0,0,0,0,0,0,0,0,0,0,0,0,0,0,0,0,0,0,0,0,0,0,-0.0816669464111328
0,0,0,0,0,0,0,0,0,0,0,0,0,0,0,0,0,0,0,0,0,0,0,0,0,0,0,0,0,0,0.0450000762939453
0,0,0,0,0,0,0,0,0,0,0,0,0,0,0,0,0,0,0,0,0,0,0,0,0,0,0,0,0,0,0
0,0,0,0,0,0,0,0,0,0,0,0,0,0,0,0,0,0,0,0,0,0,0,0,0,0,0,0,0,0,0.0366668701171875
0,0,0,0,0,0,0,0,0,0,0,0,0,0,0,0,0,0,0,0,0,0,0,0,0,0,0,0,0,0,0
0,0,5,0,0,0,0,0.00999999791383743,0,0,0,0,0,0,0,0,0,0,0,0,0,0,0,0,0,0,0,0,0,-0.0442824363708496,0
0,0,1,0,0,0,0,0,0,0,0,0,0,0,0,0,0,0,0,0,0,0,0,0,0,0,0,0,0,0,0
0,0,1,0,0,0,0,0,0,0.00486886501312256,0,0,0,0,0,0,0,0,0,0,0,0,0,0,0,0,0,0,0,0,0.0416660308837891
0,0,5,0,0,0,0,0.00999999791383743,0,0,0,0,0,0,0,0,0,0,0,0,0,0,0,0,0,0,0,0,0,-0.0442824363708496,0
0,0,0,0,0,0,0,0,0,0,0,0,0,0,0,0,0,0,0,0,0,0,0,0,0,0,0,0,0,0,0.0616664886474609
0,0,0,0,0,0,0,0,0,0,0,0,0,0,0,0,0,0,0,0,0,0,0,0,0,0,0,0,0,0,0
0,0,10,0,0,0,0,0,0,0,0,0,0,0,0,0,0,0,0,0,0,0,0,0,0,0,0,0,0,0,0.106666564941406
0,0,0,0,0,0,0,0,0,0,0,0,0,0,0,0,0,0,0,0,0,0,0,0,0,0,0,0,0,0,0
0,0,0,0,0,0,0,0,0,0,0,0,0,0,0,0,0,0,0,0,0,0,0,0,0,0,0,0,0,0,0
0,0,0,0,0,0,0,0,0,0,0,0,0,0,0,0,0,0,0,0,0,0,0,0,0,0,0,0,0,0,-0.106666564941406
0,0,0,0,0,0,0,0,0,0,0,0,0,0,0,0,0,0,0,0,0,0,0,0,0,0,0,0,0,0,0
0,0,0,0,0,0,0,0,0,0,0,0,0,0,0,0,0,0,0,0,0,0,0,0,0,0,0,0,0,0,0
0,0,0,0,0,0,0,0,0,0,0,0,0,0,0,0,0,0,0,0,0,0,0,0,0,0,0,0,0,0,0
0,0,0,0,0,0,0,0,0,0,0,0,0,0,0,0,0,0,0,0,0,0,0,0,0,0,0,0,0,0,0
0,0,0,0,0,0,0,0,0,0,0,0,0,0,0,0,0,0,0,0,0,0,0,0,0,0,0,0,0,0,0
0,0,0,0,0,0,0,0,0,0,0,0,0,0,0,0,0,0,0,0,0,0,0,0,0,0,0,0,0,0,0
0,0,0,0,0,0,0,0,0,0,0,0,0,0,0,0,0,0,0,0,0,0,0,0,0,0,0,0,0,0,0.106666564941406
0,0,0,0,0,0,0,0,0,0,0,0,0,0,0,0,0,0,0,0,0,0,0,0,0,0,0,0,0,0,-0.106666564941406
30,0,51,0,0,0,0.00500442087650299,0.000999998301267624,0.0522032976150513,0.0123253762722015,0,0,0,0,0,0,0,0,0,0,0,0,0,0,0,0,45.2640647888184,0,1,-0.451936721801758,-0.270000457763672
0,0,0,0,0,0,0,0,0,0,0,0,0,0,0,0,0,0,0,0,0,0,0,0,0,0,0,0,0,0,0.13166618347168
0,0,4,0,0,0,0,0.00999999791383743,0,0,0,0,0,0,0,0,0,0,0,0,0,0,0,0,0,0,0,0,0,-0.0442824363708496,0.13166618347168
0,0,-4,0,0,0,0,-0.00999999791383743,0,0,0,0,0,0,0,0,0,0,0,0,0,0,0,0,0,0,0,0,0,0.0442824363708496,0
0,0,-8,0,0,0,0,0,0,0.00486886501312256,0,0,0,0,0,0,0,0,0,0,0,0,0,0,0,0,0,0,0,0,-0.116666793823242
0,0,8,0,0,0,0,0,0,-0.00486886501312256,0,0,0,0,0,0,0,0,0,0,0,0,0,0,0,0,0,0,0,0,0.116666793823242
0,0,8,0,0,0,0,0,0,0,0,0,0,0,0,0,0,0,0,0,0,0,0,0,0,0,0,0,0,0,0
0,0,0,0,0,0,0,0,0,0,0,0,0,0,0,0,0,0,0,0,0,0,0,0,0,0,0,0,0,0,0.106666564941406
0,0,0,0,0,0,0,0,0,0,0,0,0,0,0,0,0,0,0,0,0,0,0,0,0,0,0,0,0,0,0
0,0,0,0,0,0,0,0,0,0,0,0,0,0,0,0,0,0,0,0,0,0,0,0,0,0,0,0,0,0,0.106666564941406
0,0,0,0,0,0,0,0,0,0,0,0,0,0,0,0,0,0,0,0,0,0,0,0,0,0,0,0,0,0,0.106666564941406
0,0,0,0,0,0,0,0,0,0,0,0,0,0,0,0,0,0,0,0,0,0,0,0,0,0,0,0,0,0,-0.106666564941406
0,0,3,0,0,0,0,0.00400000065565109,0,0,0,0,0,0,0,0,0,0,0,0,0,0,0,0,0,0,0,0,0,-0.0104875564575195,0
0,0,0,0,0,0,0,0,0,0,0,0,0,0,0,0,0,0,0,0,0,0,0,0,0,0,0,0,0,0,0
0,0,0,0,0,0,0,0,0,0,0,0,0,0,0,0,0,0,0,0,0,0,0,0,0,0,0,0,0,0,0.106666564941406
0,0,3,0,0,0,0,0.00400000065565109,0,0,0,0,0,0,0,0,0,0,0,0,0,0,0,0,0,0,0,0,0,-0.0104875564575195,0
0,0,-6,0,0,0,0,0,0,0,0,0,0,0,0,0,0,0,0,0,0,0,0,0,0,0,0,0,0,0,-0.0716667175292969
0,0,0,0,0,0,0,0,0,0,0,0,0,0,0,0,0,0,0,0,0,0,0,0,0,0,0,0,0,0,0.106666564941406
0,0,-6,0,0,0,0,0,0,0,0,0,0,0,0,0,0,0,0,0,0,0,0,0,0,0,0,0,0,0,0
0,0,0,0,0,0,0,0,0,0,0,0,0,0,0,0,0,0,0,0,0,0,0,0,0,0,0,0,0,0,0
0,0,0,0,0,0,0,0,0,0,0,0,0,0,0,0,0,0,0,0,0,0,0,0,0,0,0,0,0,0,-0.106666564941406
0,0,4,0,0,0,0,0.00999999791383743,0,0,0,0,0,0,0,0,0,0,0,0,0,0,0,0,0,0,0,0,0,-0.0442824363708496,0.13166618347168
0,0,-3,0,0,0,0,0,0,0,0,0,0,0,0,0,0,0,0,0,0,0,0,0,0,0,0,0,0,0,0.0349998474121094
0,0,6,0,0,0,0,0,0,0,0,0,0,0,0,0,0,0,0,0,0,0,0,0,0,0,0,0,0,0,-0.0966663360595703
0,0,0,0,0,0,0,0,0,0,0,0,0,0,0,0,0,0,0,0,0,0,0,0,0,0,0,0,0,0,0
0,0,0,0,0,0,0,0,0,0,0,0,0,0,0,0,0,0,0,0,0,0,0,0,0,0,0,0,0,0,0.0249996185302734
0,0,0,0,0,0,0,0,0,0,0,0,0,0,0,0,0,0,0,0,0,0,0,0,0,0,0,0,0,0,0
0,0,-14,0,0,0,0.0114864110946655,-0.00200000032782555,0.0514667630195618,0.0135686695575714,0,0,0,0,0,0,0,0,0,0,0,0,0,0,0,0,0.0328912734985352,0,0,-0.13945198059082,0.0749988555908203
0,0,0,0,0,0,0,0,0,0,0,0,0,0,0,0,0,0,0,0,0,0,0,0,0,0,0,0,0,0,0.108333587646484
0,0,0,0,0,0,0,0,0,0,0,0,0,0,0,0,0,0,0,0,0,0,0,0,0,0,0,0,0,0,0.106666564941406
0,0,0,0,0,0,0,0,0,0,0,0,0,0,0,0,0,0,0,0,0,0,0,0,0,0,0,0,0,0,0
0,0,0,0,0,0,0,0,0,0,0,0,0,0,0,0,0,0,0,0,0,0,0,0,0,0,0,0,0,0,0
0,0,0,0,0,0,0,0,0,0,0,0,0,0,0,0,0,0,0,0,0,0,0,0,0,0,0,0,0,0,0
0,0,0,0,0,0,0,0,0,0,0,0,0,0,0,0,0,0,0,0,0,0,0,0,0,0,0,0,0,0,0
0,0,0,0,0,0,0,0,0,0,0,0,0,0,0,0,0,0,0,0,0,0,0,0,0,0,0,0,0,0,0.0249996185302734
0,0,0,0,0,0,0,0,0,0,0,0,0,0,0,0,0,0,0,0,0,0,0,0,0,0,0,0,0,0,0.0249996185302734
0,0,5,0,0,0,0,0.00400000065565109,0,0,0,0,0,0,0,0,0,0,0,0,0,0,0,0,0,0,0,0,0,-0.0104875564575195,-0.106666564941406
0,0,0,0,0,0,0,0,0,0,0,0,0,0,0,0,0,0,0,0,0,0,0,0,0,0,0,0,0,0,0.0100002288818359
0,0,-2,0,0,0,0,0,0,0,0,0,0,0,0,0,0,0,0,0,0,0,0,0,0,0,0,0,0,0,0
0,0,10,0,0,0,0,0,0,0,0,0,0,0,0,0,0,0,0,0,0,0,0,0,0,0,0,0,0,0,-0.108331680297852
0,0,0,0,0,0,0,0,0,0,0,0,0,0,0,0,0,0,0,0,0,0,0,0,0,0,0,0,0,0,0
0,0,0,0,0,0,0,0,0,0,0,0,0,0,0,0,0,0,0,0,0,0,0,0,0,0,0,0,0,0,0.0333328247070312
0,0,0,0,0,0,0,0,0,0,0,0,0,0,0,0,0,0,0,0,0,0,0,0,0,0,0,0,0,0,0
0,0,0,0,0,0,0,0,0,0,0,0,0,0,0,0,0,0,0,0,0,0,0,0,0,0,0,0,0,0,0
0,0,0,0,0,0,0,0,0,0,0,0,0,0,0,0,0,0,0,0,0,0,0,0,0,0,0,0,0,0,0
0,0,0,0,0,0,0,0,0,0,0,0,0,0,0,0,0,0,0,0,0,0,0,0,0,0,0,0,0,0,0
0,0,0,0,0,0,0,0,0,0,0,0,0,0,0,0,0,0,0,0,0,0,0,0,0,0,0,0,0,0,0
0,0,0,0,0,0,0,0,0,0,0,0,0,0,0,0,0,0,0,0,0,0,0,0,0,0,0,0,0,0.0479278564453125,-0.0333328247070312
0,0,0,0,0,0,0,0,0,0,0,0,0,0,0,0,0,0,0,0,0,0,0,0,0,0,0,0,0,0,0
0,0,0,0,0,0,0,0,0,0,0,0,0,0,0,0,0,0,0,0,0,0,0,0,0,0,0,0,0,0,0
0,0,0,0,0,0,0,0,0,0,0,0,0,0,0,0,0,0,0,0,0,0,0,0,0,0,0,0,0,0,0
0,0,0,0,0,0,0,0,0,0,0,0,0,0,0,0,0,0,0,0,0,0,0,0,0,0,0,0,0,0,0
0,0,0,0,0,0,0,0,0,0,0,0,0,0,0,0,0,0,0,0,0,0,0,0,0,0,0,0,0,0,0
0,0,0,0,0,0,0,0,0,0,0,0,0,0,0,0,0,0,0,0,0,0,0,0,0,0,0,0,0,0,0
0,0,0,0,0,0,0,0,0,0,0,0,0,0,0,0,0,0,0,0,0,0,0,0,0,0,0,0,0,0,0.0166664123535156
0,0,0,0,0,0,0,0,0,0,0,0,0,0,0,0,0,0,0,0,0,0,0,0,0,0,0,0,0,0,-0.146665573120117
NA,0,-77,49,22,0,0.48362173140049,NA,0.103091955184937,-0.214162528514862,0,-100,2,5,27,48,0,0,0,0,0,0.919700622558594,0.380619436502457,3.98747444152832,0,0,227.951462745667,0.00162469537463039,68,-2.39893555641174,1.51166534423828
0,0,0,0,0,0,0,0,0,0,0,0,0,0,0,0,0,0,0,0,0,0,0,0,0,0,0,0,0,0,0
0,0,11,0,0,0,0,0,-0.0365080833435059,0,0,0,0,0,0,0,0,0,0,0,0,0,0,0,0,0,24.9074487686157,0,0,0,-0.146665573120117
0,0,-17,0,0,0,0,0,0,0,0,0,0,0,0,0,0,0,0,0,0,0,0,0,0,0,0,0,0,0.0479278564453125,0
0,0,0,0,0,0,0,0,0,0,0,0,0,0,0,0,0,0,0,0,0,0,0,0,0,0,0,0,0,0,0.146665573120117
0,0,-8,0,0,0,0,0,0,0,0,0,0,0,0,0,0,0,0,0,0,0,0,0,0,0,0,0,0,0,0
0,0,0,0,0,0,0,0,0,0,0,0,0,0,0,0,0,0,0,0,0,0,0,0,0,0,0,0,0,0,0
0,0,12,0,0,0,0,0,0,0,0,0,0,0,0,0,0,0,0,0,0,0,0,0,0,0,0,0,0,0,0
0,0,-12,0,0,0,0,0,0,0,0,0,0,0,0,0,0,0,0,0,0,0,0,0,0,0,0,0,0,0,-0.0333328247070312
0,0,1,0,0,0,0,0,0,0,0,0,0,0,0,0,0,0,0,0,0,0,0,0,0,0,0,0,1,0.0479278564453125,0.0699996948242188
0,0,-140,0,0,0,0.123007014393806,0.308000009506941,0.00321471691131592,0.0423456728458405,0,0,0,0,0,0,0,11.8199996948242,0,1.67676973342896,2.44261479377747,0.0162088237702847,0.0240206215530634,7.62164402008057,0,2.86739540100098,17.4723920822144,0.0168999992311001,0,0.22441577911377,0.00499916076660156
0,0,0,0,0,0,0,0,0,0,0,0,0,0,0,0,0,0,0,0,0,0,0,0,0,0,0,0,0,0,0
0,0,0,0,0,0,0,0,0,0,0,0,0,0,0,0,0,0,0,0,0,0,0,0,0,0,0,0,0,0,0
0,0,8,0,0,0,0,0,0,0,0,0,0,0,0,0,0,0,0,0,0,0,0,0,0,0,0,0,0,0,0
0,0,0,0,0,0,0,0,0,0,0,0,0,0,0,0,0,0,0,0,0,0,0,0,0,0,0,0,0,0,0.0333328247070312
0,0,0,0,0,0,0,0,0,0,0,0,0,0,0,0,0,0,0,0,0,0,0,0,0,0,0,0,0,0,-0.0333328247070312
0,0,0,0,0,0,0,0,0,0,0,0,0,0,0,0,0,0,0,0,0,0,0,0,0,0,0,0,0,0,0
0,0,-13,0,0,0,0.00694394111633301,0.0519999973475933,-0.0366067886352539,0.0703887343406677,0,0,0,0,0,0,0,0,0,0,0,0.00819901842623949,0.0121505130082369,0,0,0,3.32158088684082,0,0,-0.86485481262207,-0.108333587646484
0,0,9,0,0,0,0,0,0,0,0,0,0,0,0,0,0,0,0,0,0,0,0,0,0,0,0,0.000600000028498471,-5,0,-0.0433330535888672
0,0,-2,0,0,0,0,0,0,0.00593569874763489,0,0,0,0,0,0,0,0,0,0,0,0,0,0,0,0,0,-0.000600000028498471,0,0,0.125
-19,0,-42,0,0,0,-0.0170230194926262,0.010000005364418,-0.0482078790664673,0.0202866196632385,0,0,0,0,0,0,0,0,0,0,0,0,0,0,0,0,4.24014186859131,-0.000600000028498471,0,-0.3672194480896,0.241666793823242
0,0,6,-22,0,0,0,0,0,0,0,22,0,0,0,0,0,0,0,0,0,0,0,0,0,0,0,0.000600000028498471,0,0,0
0,0,-19,0,3,0,0,0.0349999964237213,0,-0.00495979189872742,0,-3,0,0,0,0,0,0,0,0,0,0,0,0,0,0,0,0.00199999997857958,0,0.120298862457275,0.163333892822266
0,0,8,0,0,0,0,0,0,0,0,0,0,0,0,0,0,0,0,0,0,0,0,0,0,0,0,0,13,0,0
0,0,0,0,0,0,0,0,0,0,0,0,0,0,0,0,0,0,0,0,0,0,0,0,0,0,0,-0.0022000000171829,-13,0,0
-19,0,-11,0,-3,0,0.01503024995327,-0.0339999943971634,0.272649168968201,-0.0307952165603638,0,3,0,0,0,0,0,0,0,0,0,0,0,0,0,0,-6.25222659111023,-0.00260000000707805,-13,-0.317945003509521,0.0583324432373047
0,0,0,0,0,0,0,0,0,0,0,0,0,0,0,0,0,0,0,0,0,0,0,0,0,0,0,0,0,0,0
0,0,0,0,0,0,0,0,0,0,0,0,0,0,0,0,0,0,0,0,0,0,0,0,0,0,0,0,0,0,0.0166664123535156
-19,0,-30,0,-3,0,-0.0333966165781021,-0.151000000536442,0.0513991117477417,0.127795189619064,0,3,0,0,0,0,0,0,0,0,0,0,0,0,0,0,69.2016983032227,-0.00260000000707805,0,0.75761604309082,0.203332901000977
0,0,-9,0,0,0,0,0,0,0,0,0,0,0,0,0,0,0,0,0,0,0,0,0,0,0,0,-0.000600000028498471,5,0,0.0433330535888672
0,0,0,0,0,0,0,0,0,0,0,0,0,0,0,0,0,0,0,0,0,0,0,0,0,0,0,0,-5,0,0
NA,0,11,0,0,0,NA,NA,0.133063971996307,-0.0271042883396149,0,0,0,NA,0,NA,NA,NA,0,0,0,0,0,0,0,0,4.4825963973999,0,-5,NA,0.310001373291016
0,0,-12,-22,0,0,0,0.0349999964237213,0,-0.00495979189872742,0,22,0,0,0,0,0,0,0,0,0,0,0,0,0,0,0,0,24,0.120298862457275,0.210000991821289
0,0,0,0,0,0,0,0,0,0,0,0,0,0,0,0,0,0,0,0,0,0,0,0,0,0,0,0,0,0,0
-19,0,-30,0,0,8,0.0562680214643478,0.0319999903440475,0.265262186527252,0.00810965895652771,0,-14,0,0,0,0,1.01999998092651,1.01999998092651,0,0,0,0,0,0,0,0,-6.43225693702698,0.00700000021606684,63,1.37345027923584,0.293333053588867
0,0,0,0,0,0,0,0,0,0,0,0,0,0,0,0,0,0,0,0,0,0,0,0,0,0,0,0,0,0,0.188333511352539
-19,0,45,-22,0,0,-0.0422266200184822,-0.108000002801418,-0.00196081399917603,0.0285409688949585,0,22,0,0,0,0,0,0,0,0,0,0,0,0,0,0,-6.50798463821411,0,0,2.88244867324829,0.194999694824219
0,0,0,0,0,0,0,0,0,0,0,0,0,0,0,0,0,0,0,0,0,0,0,0,0,0,0,0,0,0,0.02166748046875
0,0,0,0,0,0,0,0,0,0,0,0,0,0,0,0,0,0,0,0,0,0,0,0,0,0,0,0,0,0,0
0,0,-16,-22,0,0,0.00294351577758789,-0.0450000017881393,0.143452346324921,0.0251389145851135,0,22,0,0,0,0,0,0,0,0,0,0,0,0,0,0,2.67171478271484,0,0,0.0225186347961426,0.0566673278808594
0,0,-10,0,0,0,0,-0.0329999998211861,-0.00863146781921387,-0.124833822250366,0,0,0,0,0,0,0,0,0,0,0,0,0,0,0,0,0,0,0,0.0527381896972656,0.0433330535888672
0,0,-2,0,0,0,0,0,-0.00559765100479126,0.130766719579697,0,0,0,0,0,0,0,0,0,0,0,0,0,0,0,0,0,0,0,0,-0.0750007629394531
0,0,0,0,0,0,0,0,0,0,0,0,0,0,0,0,0,0,0,0,0,0,0,0,0,0,0,0,0,0,0
0,0,0,0,0,0,0,0,0,0,0,0,0,0,0,0,0,0,0,0,0,0,0,0,0,0,0,0,0,0,0
0,0,17,0,0,0,-0.0215783268213272,0.0749999955296516,-0.0443217158317566,0.0322225987911224,0,0,0,0,0,0,0,0,0,0,0,0,0,0,0,0,-0.872242957353592,0,0,0.970319747924805,0.306667327880859
0,0,-9,0,0,0,0,0,0,0,0,0,0,0,0,0,0,0,0,0,0,0,0,0,0,0,0,0,0,0,0
0,0,-7,0,0,0,0,0,-0.00559765100479126,-0.0122149884700775,0,0,0,0,0,0,0,0,0,0,0,0,0,0,0,0,0,0,0,0,-0.0316677093505859
0,0,0,0,0,0,0,0,0,0,0,0,0,0,0,0,0,0,0,0,0,0,0,0,0,0,0,0,0,0,0
0,0,99,0,0,0,0.0125690326094627,-0.00899999588727951,-0.235042691230774,0.0587839782238007,0,0,0,0,0,0,0,0,0,0,0,0,0,0,0,0,29.1418045163155,0,0,-3.2880163192749,-0.343332290649414
0,0,12,0,0,0,0,0,0,0.137048810720444,0,0,0,0,0,0,0,0,0,0,0,0,0,0,0,0,0,0,0,0,-0.0383338928222656
0,0,10,0,0,0,0,0,0,0.137048810720444,0,0,0,0,0,0,0,0,0,0,0,0,0,0,0,0,0,0,0,0,-0.0383338928222656
19,0,-55,0,0,0,0.0834249779582024,0.068000003695488,-0.335946291685104,0.0370339453220367,0,0,0,0,0,0,1.33000004291534,0,0,0,0,0,0,0,0,0,13.7865961194038,0,0,-1.2799220085144,0.0816669464111328
0,0,0,0,0,0,0,0,0,0,0,0,0,0,0,0,0,0,0,0,0,0,0,0,0,0,0,0,0,0,0
0,0,1,0,0,0,0,0,0,0,0,0,0,0,0,0,0,0,0,0,0,0,0,0,0,0,0,0,0,0.124999046325684,0
0,0,1,0,0,0,0,0,0,0,0,0,0,0,0,0,0,0,0,0,0,0,0,0,0,0,0,0,0,0.124999046325684,0.0199985504150391
0,0,0,0,0,0,0,0,0,0,0,0,0,0,0,0,0,0,0,0,0,0,0,0,0,0,0,0,0,0,0
0,0,0,0,0,0,0,0,0,0,0,0,0,0,0,0,0,0,0,0,0,0,0,0,0,0,0,0,0,0,0
0,0,-4,0,0,0,0,0,0.12169024348259,0,0,0,0,0,0,0,0,0,0,0,0,0,0,0,0,0,0,0,0,0,0
0,0,-4,0,0,0,0,0,0.12169024348259,0,0,0,0,0,0,0,0,0,0,0,0,0,0,0,0,0,0,0,0,0,0
-19,0,94,0,0,0,-0.0570874884724617,-0.156000003218651,0.195872128009796,0.0121012330055237,0,0,0,0,0,0,-1.33000004291534,0,0,0,0,0,0,0,0,0,-9.32175302505493,0,0,-1.12955236434937,-0.0450000762939453
0,0,4,0,0,0,0,0,-0.12169024348259,0.0415728092193604,0,0,0,0,0,0,0,0,0,0,0,0,0,0,0,0,0,0,0,0,0.0183334350585938
0,0,0,0,0,0,0,0,0,0.0415728092193604,0,0,0,0,0,0,0,0,0,0,0,0,0,0,0,0,0,0,0,0,-0.0199985504150391
-19,0,-18,0,0,23,0.135613158345222,0.18299999833107,0.506974369287491,0.0689239799976349,0,-43,20,18,0,7,-0.330000042915344,0,0,0,0,0,0,0,0,0,143.699631690979,0,4,1.11033296585083,0.409999847412109
0,0,0,0,0,0,0,0,0,0,0,0,0,0,0,0,0,0,0,0,0,0,0,0,0,0,0,0,0,0,0
0,0,0,0,0,0,0,0,0,0.0415728092193604,0,0,0,0,0,0,0,0,0,0,0,0,0,0,0,0,0,0,0,0,-0.0199985504150391
0,0,-2,0,0,0,-0.0974381044507027,-0.00900000333786011,0.328833669424057,0,0,0,0,0,0,0,-1.33000004291534,0,0,0,0,0,0,0,0,0,0.187337875366211,0,0,-0.132476329803467,0.0383319854736328
0,0,0,0,0,0,0.0974381044507027,0.00900000333786011,0,0,0,0,0,0,0,0,1.33000004291534,0,0,0,0,0,0,0,0,0,-0.187337875366211,0,0,0,-0.0383319854736328
30,0,-26,0,0,0,0.117860183119774,0.19200000166893,0.20292854309082,0.0835086405277252,0,0,0,0,0,0,-1.33000004291534,0.72000002861023,0,2.60430812835693,8.92766380310059,0.0206616707146168,0,18.5005741119385,0,0,1572.38154697418,0.176499992609024,0,-2.75532913208008,-0.173334121704102
0,0,0,0,0,0,-0.0974381044507027,-0.00900000333786011,0,0,0,0,0,0,0,0,-1.33000004291534,0,0,0,0,0,0,0,0,0,0.187337875366211,0,0,0,0.0166664123535156
0,0,0,0,0,0,0,0,0,0,0,0,0,0,0,0,0,0,0,0,0,0,0,0,0,0,0,0,0,0,-0.0216655731201172
0,0,0,0,0,0,0,0,0,0,0,0,0,0,0,0,0,0,0,0,0,0,0,0,0,0,0,0,0,0,-0.0166664123535156
0,0,0,0,0,0,0,0,0,0,0,0,0,0,0,0,0,0,0,0,0,0,0,0,0,0,0,0,0,0,0
0,0,0,0,0,0,0,0,0,0,0,0,0,0,0,0,0,0,0,0,0,0,0,0,0,0,0,0,0,0,0.0866661071777344
0,0,-1,0,0,0,0,0,0,0,0,0,0,0,0,0,0,0,0,0,0,0,0,0,0,0,0,0.0781999975442886,0,0,0
0,0,0,0,0,0,0,0,0,0,0,0,0,0,0,0,0,0,0,0,0,0,0,0,0,0,0,0,0,0,0.0383319854736328
0,0,0,0,0,0,0,0,0,0,0,0,0,0,0,0,0,0,0,0,0,0,0,0,0,0,0,0,0,0,0.0383319854736328
0,0,0,0,0,0,0,0,0,0,0,0,0,0,0,0,0,0,0,0,0,0,0,0,0,0,0,0,0,0,0.0383319854736328
-19,0,41,0,0,0,-0.104445025324821,-0.0690000057220459,0.391027480363846,0.0727951228618622,0,0,0,0,0,0,-1.33000004291534,0,0,0,0,0,0,0,0,0,-13.7550382614136,0,0,2.04347562789917,0.100000381469727
0,0,0,0,0,0,0,0,0,0,0,0,0,0,0,0,0,0,0,0,0,0,0,0,0,0,0,0,0,0,0
-19,0,26,0,0,0,-0.0906533822417259,-0.0520000010728836,0.266960591077805,0.0910636186599731,0,0,0,0,0,0,-1.33000004291534,0,0,0,0,0,0,0,0,0,-14.625392973423,0,0,2.30226755142212,0.171665191650391
0,0,-6,0,0,0,-0.0118653997778893,0.027999997138977,0.16665107011795,0.0655466020107269,0,0,0,0,0,0,0,0,0,0,0,0,0,0,0,0,-0.0367295444011688,0,0,0.438956260681152,-0.0166664123535156
0,0,18,0,0,0,0.0164315551519394,-0.115000002086163,-0.346244871616364,-0.0806997120380402,0,0,0,0,0,0,0,0,0,0,0,0,0,0,0,0,-0.104035586118698,0,0,-3.00278472900391,0.0600013732910156
0,0,0,0,0,0,0,0,0,0,0,0,0,0,0,0,0,0,0,0,0,0,0,0,0,0,0,0,0,0,0.0983333587646484
0,0,0,0,0,0,0,0,0,0,0,0,0,0,0,0,0,0,0,0,0,0,0,0,0,0,0,0,0,0,-0.00666618347167969
0,0,-5,0,0,0,0,0,0.0136410593986511,0,0,0,0,0,0,0,0,0,0,0,0,0,0,0,0,0,0.00207510590553284,0,0,-0.109292030334473,0
0,0,0,0,0,0,0,0,0,0,0,0,0,0,0,0,0,0,0,0,0,0,0,0,0,0,0,0,0,0,0
0,0,5,0,0,0,0,0,-0.0136410593986511,0,0,0,0,0,0,0,0,0,0,0,0,0,0,0,0,0,-0.00207510590553284,0,0,0,0.0383338928222656
0,0,0,0,0,0,0,0,0,0,0,0,0,0,0,0,0,0,0,0,0,0,0,0,0,0,0,0,0,0,0
0,0,0,0,0,0,0,0,0,0,0,0,0,0,0,0,0,0,0,0,0,0,0,0,0,0,0,0,0,0,-0.0316677093505859
0,0,-7,0,0,0,0.0788915231823921,0.0479999929666519,0.111876428127289,0.0017077624797821,0,0,0,0,0,0,1.12999999523163,0,0,0,0,0,0,0,0,0,-0.140765130519867,0,0,-1.07457733154297,-0.254999160766602
0,0,0,0,0,0,0,0,0,0,0,0,0,0,0,0,0,0,0,0,0,0,0,0,0,0,0,0,0,0,0.0900001525878906
0,0,0,0,0,0,0,0,0,0,0,0,0,0,0,0,0,0,0,0,0,0,0,0,0,0,0,0,0,0,0.0900001525878906
0,0,0,0,0,0,0,0,0,0,0,0,0,0,0,0,0,0,0,0,0,0,0,0,0,0,0,0,0,0,0
0,0,0,0,0,0,0,0,0,0,0,0,0,0,0,0,0,0,0,0,0,0,0,0,0,0,0,0,0,0,-0.0900001525878906
0,0,0,0,0,0,0,0,0,0,0,0,0,0,0,0,0,0,0,0,0,0,0,0,0,0,0,0,0,0,0
0,0,5,0,0,0,0,0,0,0,0,0,0,0,0,0,0,0,0,0,0,0,0,0,0,0,0,0,0,0,0
0,0,0,0,0,0,0,0,0,0,0,0,0,0,0,0,0,0,0,0,0,0,0,0,0,0,0,0,0,0,-0.0699996948242188
0,0,1,0,0,0,0,0,0,0,0,0,0,0,0,0,0,0,0,0,0,0,0,0,0,0,0,0,0,0,0
0,0,0,0,0,0,0,0,0,0,0,0,0,0,0,0,0,0,0,0,0,0,0,0,0,0,0,0,0,0,0
0,0,0,0,0,0,0,0,0,0,0,0,0,0,0,0,0,0,0,0,0,0,0,0,0,0,0,0,0,0,0
0,0,-1,0,0,0,0,0,0,0,0,0,0,0,0,0,0,0,0,0,0,0,0,0,0,0,0,0,0,0,0
0,0,-6,0,0,0,0,0,0.0136410593986511,0,0,0,0,0,0,0,0,0,0,0,0,0,0,0,0,0,0.00207510590553284,0,0,0,0.0799999237060547
0,0,3,0,0,0,-0.0125313922762871,0.00499999523162842,0.00807934999465942,0.0238734185695648,0,0,0,0,0,0,0,0,0,0,0,0,0,0,0,0,-0.0177555680274963,0,0,0.749643325805664,-0.0200004577636719
0,0,0,0,0,0,0,0,0,0,0,0,0,0,0,0,0,0,0,0,0,0,0,0,0,0,0,0,0,0,0
0,0,-1,0,0,0,0,0,0.11490523815155,-0.00964334607124329,0,0,0,0,0,0,0,0,0,0,0,0,0,0,0,0,0,0,0,0,-0.101665496826172
0,0,3,0,0,0,0,0,-0.0409048795700073,-0.00654193758964539,0,0,0,0,0,0,0,0,0,0,0,0,0,0,0,0,0,0,0,0,-0.0366668701171875
0,0,0,0,0,0,0,0,0,0,0,0,0,0,0,0,0,0,0,0,0,0,0,0,0,0,0,0,0,0,0
0,0,0,0,0,0,0,0,0,0,0,0,0,0,0,0,0,0,0,0,0,0,0,0,0,0,0,0,0,0,0.0916671752929688
0,0,0,0,0,0,0,0,0,0,0,0,0,0,0,0,0,0,0,0,0,0,0,0,0,0,0,0,0,0,0
0,0,0,0,0,0,0,0,0,0,0,0,0,0,0,0,0,0,0,0,0,0,0,0,0,0,0,0,0,0,0
0,0,0,0,0,0,0,0,0,0,0,0,0,0,0,0,0,0,0,0,0,0,0,0,0,0,0,0,0,0,0
0,0,0,0,0,0,0,0,0,0,0,0,0,0,0,0,0,0,0,0,0,0,0,0,0,0,0,0,0,0,0
0,0,2,0,0,0,0,0,0,0,0,0,0,0,0,0,0,0,0,0,0,0,0,0,0,0,0,0,0,0,0.0916671752929688
0,0,0,0,0,0,0,0,0,0,0,0,0,0,0,0,0,0,0,0,0,0,0,0,0,0,0,0,0,0,0
0,0,-6,0,0,0,-0.0151641890406609,-0.101000003516674,-0.125948250293732,0.00556021928787231,0,0,0,0,0,0,0,0,0,0,0,0,0,0,0,0,0.0640005320310593,0,0,-0.223648071289062,0.00333404541015625
0,0,-2,0,0,0,0,0,0.0136410593986511,0,0,0,0,0,0,0,0,0,0,0,0,0,0,0,0,0,0.00207510590553284,0,0,0.109292030334473,-0.051666259765625
0,0,2,0,0,0,0,0,0.0136410593986511,0,0,0,0,0,0,0,0,0,0,0,0,0,0,0,0,0,0.00207510590553284,0,0,0,0.0316658020019531
0,0,44,0,0,0,0.02698764950037,-0.0429999977350235,-0.518548116087914,-0.0279818773269653,0,0,0,0,0,0,0,0,0,0,0,0,0,0,0,0,0.830824226140976,0,0,-0.912932395935059,-0.278331756591797
0,0,0,0,0,0,0,0,0,0,0,0,0,0,0,0,0,0,0,0,0,0,0,0,0,0,0,0,0,0,-0.0333347320556641
0,0,316,0,0,0,-0.0304462611675262,-0.0700000040233135,0.35036002099514,-0.0474479794502258,0,0,0,0,0,0,0,0,0,0,0,0,0,0,0,0,91.9919727444649,0,0,-2.95463991165161,0.216667175292969
0,0,-281,0,0,0,0.00204463303089142,0.0100000016391277,-0.137137055397034,-0.0217154622077942,0,0,0,0,0,0,0,0,0,0,0,0,0,0,0,0,-9.83701324462891,0,0,0.683566570281982,0.253332138061523
0,0,-340,0,0,0,0,-0.00600000098347664,0.328233003616333,0,0,0,0,0,0,0,0,0,0,0,0,0,0,0,0,0,22.8116149902344,0,0,0.249987602233887,0.284999847412109
0,0,8,0,0,0,0,0,0,0,0,0,0,0,0,0,0,0,0,0,0,0,0,0,0,0,0,0,0,0,0.0483341217041016
0,0,7,0,0,0,0,0,0,0.00637432932853699,0,0,0,0,0,0,0,0,0,0,0,0,0,0,0,0,0,0,0,0,-0.0666675567626953
0,0,0,0,0,0,0,0,0,0,0,0,0,0,0,0,0,0,0,0,0,0,0,0,0,0,0,0,0,0,0
0,0,3,0,0,0,0,0,0,0,0,0,0,0,0,0,0,0,0,0,0,0,0,0,0,0,0,0,0,0.0187511444091797,0.0599994659423828
0,0,0,0,5,0,0,0,0,0,0,-5,0,0,0,0,0,0,0,0,0,0,0,0,0,0,0,0,0,0.0941219329833984,0
0,0,-3,0,0,0,0,0,0,0,0,0,0,0,0,0,0,0,0,0,0,0,0,0,0,0,0,0,0,-0.0187511444091797,0
0,0,-61,0,0,0,0.200285531580448,0.267000004649162,0.151818037033081,-0.000498265027999878,0,-100,0,0,0,0,0,0,0,0,0,0,0,0,0,0,64.9934741556644,0,98,-2.65856790542603,0.680000305175781
0,0,0,0,0,0,0,0,0,0,0,0,0,0,0,0,0,0,0,0,0,0,0,0,0,0,0,0,0,0,0
0,0,0,0,0,0,0,0,0,0,0,0,0,0,0,0,0,0,0,0,0,0,0,0,0,0,0,0,0,0,0
0,0,0,0,0,0,0,0,0,0,0,0,0,0,0,0,0,0,0,0,0,0,0,0,0,0,0,0,0,0,0
0,0,5,0,0,35,-0.117008283734322,-0.00699999928474426,0.0770904421806335,0.101165652275085,0,64,0,0,0,0,0,0,0,19.0469284057617,7.87807703018188,0,0,0,0,4.39354515075684,74.0274429321289,0,-26,1.42533254623413,-0.523332595825195
0,0,404,0,53,-35,0.422736212611198,-0.238000005483627,-0.074251115322113,-0.494168937206268,0,-64,47,1,0,2,1,90,0,-19.0469284057617,4.80733442306519,0,0.0288992580026388,73.2898788452148,1663.07019042969,-4.39354515075684,5008.72100830078,0,-72,-4.19917440414429,-1.63500022888184
0,0,0,0,0,0,0,0,0,0,0,0,0,0,0,0,0,0,0,0,0,0,0,0,0,0,0,0,0,0,0
0,0,4,13,-1,0,0,0,0,0,0,0,-12,0,0,0,0,0,0,0,0,0,0,0,0,0,0,0,0,-0.100554466247559,0
0,0,0,0,0,0,0,0,0,0,0,0,0,0,0,0,0,0,0,0,0,0,0,0,0,0,0,0,0,0,0
0,0,-26,12,12,0,0,0,0.0193232297897339,0,0,0,-24,0,0,0,0,0,0,0,0,0,0,0,0,0,0,0,0,0,-0.340000152587891
0,0,0,0,0,0,0,0,0,0,0,0,0,0,0,0,0,0,0,0,0,0,0,0,0,0,0,0,0,0,0.181667327880859
0,0,0,0,0,0,0,0,0,0,0,0,0,0,0,0,0,0,0,0,0,0,0,0,0,0,0,0,0,0,-0.0616664886474609
0,0,0,0,0,0,0,0,0,0,0,0,0,0,0,0,0,0,0,0,0,0,0,0,0,0,0,0,0,0,0
0,0,0,0,0,0,0,0,0,0,0,0,0,0,0,0,0,0,0,0,0,0,0,0,0,0,0,0,0,0,-0.401666641235352
0,0,0,0,0,0,0,0,0,0,0,0,0,0,0,0,0,0,0,0,0,0,0,0,0,0,0,0,0,0,0
0,0,-26,12,12,0,0,0,0.0193232297897339,0,0,0,-24,0,0,0,0,0,0,0,0,0,0,0,0,0,0,0,0,0,0.0616664886474609
0,0,-26,12,12,0,0,0,0.0193232297897339,0,0,0,-24,0,0,0,0,0,0,0,0,0,0,0,0,0,0,0,0,0,0.401666641235352
0,0,0,0,0,0,0,0,0,0,0,0,0,0,0,0,0,0,0,0,0,0,0,0,0,0,0,0,0,0,0
0,0,0,0,0,0,0,0,0,0,0,0,0,0,0,0,0,0,0,0,0,0,0,0,0,0,0,0,0,0,0
0,0,0,0,0,0,0,0,0,0,0,0,0,0,0,0,0,0,0,0,0,0,0,0,0,0,0,0,0,0,0
0,0,4,13,-1,0,0,0,0,0,0,0,-12,0,0,0,0,0,0,0,0,0,0,0,0,0,0,0,0,-0.100554466247559,0.10333251953125
76,0,209,0,4,0,0.0360919833183289,-0.0750000029802322,0.0192890763282776,0.0284324362874031,6,0,-20,-1,10,0,2,-16,2,0,0.622370719909668,0,-0.0288992580026388,74.6660079956055,162.368530273438,39.3157768249512,21.017578125,0.00329999998211861,0,-0.185379505157471,-1.73999977111816
0,0,0,0,0,0,0,0,0,0,0,0,0,0,0,0,0,0,0,0,0,0,0,0,0,0,0,0,0,0,0
140,0,-16,0,45,-35,0.386534735560417,0.0910000205039978,-0.0437369346618652,-0.408619567751884,0,-64,35,0,21,22.9099998474121,0,2.07999992370605,0,-11.1535582542419,85.8629126548767,0,0,257.787689208984,0,15.5370349884033,9730.37823486328,0.0667999982833862,-67,-4.0304388999939,-0.248332977294922
0,0,4,0,15,0,0,0,0,0,0,0,-3,0,-12,0,0,0,0,0,0,0,0,0,0,0,0,0,4,0.00155925750732422,-0.0200004577636719
0,0,-4,0,-15,0,0,0,0,0,0,0,3,0,12,0,0,0,0,0,0,0,0,0,0,0,0,0,4,-0.00155925750732422,-0.0866661071777344
0,0,0,0,0,0,0,0,0,0,0,0,0,0,0,0,0,0,0,0,0,0,0,0,0,0,0,0,0,0,0.106666564941406
-96,0,10,12,-3,0,-0.00156587362289429,-0.153000026941299,0.00504839420318604,-0.0081150084733963,0,6,-8,0,-8,-14.9099998474121,0,9.92000007629395,0,-6.76683270931244,25.0790481567383,0,0,217.019500732422,0,-18.8583306074142,-7764.57202148438,-0.0305999964475632,-1,-0.290567874908447,0.0566654205322266
33,0,-10,-12,0,0,0,0.0379999876022339,0,0,0,-6,-1,0,19,0,0,0,0,0,0,0,0,0,0,0,0,0,0,-0.0447392463684082,0
-7,0,-1,0,17,0,0,0.0130000114440918,0,0,0,0,-5,0,-21,0,0,0,0,0,0,0,0,0,0,0,0,0.0342999994754791,-6,0.0187811851501465,0
-33,0,10,12,0,0,0,-0.0379999876022339,0,0,0,6,1,0,-19,0,0,0,0,0,0,0,0,0,0,0,0,0,0,0.0447392463684082,0
0,0,0,0,0,0,0,0,0,0,0,0,0,0,0,0,0,0,0,0,0,0,0,0,0,0,0,0,0,0,0
0,0,-5,-12,20,0,0,0.0349999964237213,0,0,0,-1,4,0,-11,0,0,0,0,0,0,0,0,0,0,0,0,0,0,0.116491794586182,0
26,0,-6,0,-3,0,0,0.0160000026226044,0,0,0,-5,-10,0,9,0,0,0,0,0,0,0,0,0,0,0,0,0.0342999994754791,-6,-0.142449855804443,0
26,0,-6,0,-3,0,0,0.0160000026226044,0,0,0,-5,-10,0,9,0,0,0,0,0,0,0,0,0,0,0,0,0.0342999994754791,-6,-0.142449855804443,0
0,0,0,0,0,0,0,0,0,0,0,0,0,0,0,0,0,0,0,0,0,0,0,0,0,0,0,0,0,0,-0.0666656494140625
0,0,-5,-12,20,0,0,0.0349999964237213,0,0,0,-1,4,0,-11,0,0,0,0,0,0,0,0,0,0,0,0,0,0,0.116491794586182,0.0666656494140625
0,0,2,-12,-11,0,0,0,0,0,0,25,-2,0,1,0,0,0,0,0,0,0,0,0,0,0,0,0,-12,0,-0.126667022705078
0,0,0,0,0,0,0,0,0,0,0,0,0,0,0,0,0,0,0,0,0,0,0,0,0,0,0,0,0,0,-0.14666748046875
0,0,4,0,15,0,0,0,0,0,0,0,-3,0,-12,0,0,0,0,0,0,0,0,0,0,0,0,0.0989000052213669,-12,0.00155925750732422,0.126667022705078
0,0,0,0,0,0,0,0,0,0,0,0,0,0,0,0,0,0,0,0,0,0,0,0,0,0,0,0,0,0,0.0400009155273438
0,0,0,0,0,0,0,0,0,0,0,0,0,0,0,0,0,0,0,0,0,0,0,0,0,0,0,0,0,0,0.0866661071777344
0,0,4,0,15,0,0,0,0,0,0,0,-3,0,-12,0,0,0,0,0,0,0,0,0,0,0,0,0.0989000052213669,-12,0.00155925750732422,0.0866661071777344
-35,0,15,0,8,0,0.194416999816895,0.0139999985694885,-0.027579128742218,0.0312660932540894,0,0,12,2.11999988555908,-21,-3.77000045776367,0,3.23000001907349,0,2.52889013290405,13.8769226074219,0,0,78.6321411132812,0,-18.4188938140869,-2310.10546875,-0.0238999985158443,-13,0.0135712623596191,0.361665725708008
0,0,0,0,-2,0,0,0,0,0,0,0,-12,0,13,0,0,0,0,0,0,0,0,0,0,0,0,0,-8,0,0
0,0,1,0,12,0,0,0,0,0,0,0,0,0,-12,0,0,0,0,0,0,0,0,0,0,0,0,0,-1,-0.00155925750732422,0.0200004577636719
0,0,-2,0,-4,0,0,0,0,0,0,0,2,0,2,0,0,0,0,0,0,0,0,0,0,0,0,0,5,0,0
0,0,0,0,0,0,0,0,0,0,0,0,0,0,0,0,0,0,0,0,0,0,0,0,0,0,0,0,0,0,0
0,0,0,0,0,0,0,0,0,0,0,0,0,0,0,0,0,0,0,0,0,0,0,0,0,0,0,0,0,0,0
0,0,2,0,21,0,0,0,0,0,0,0,-13,0,-9,0,0,0,0,0,0,0,0,0,0,0,0,0,-5,0,-0.0400009155273438
0,0,0,0,0,0,0,0,0,0,0,0,0,0,0,0,0,0,0,0,0,0,0,0,0,0,0,0,0,0,0
0,0,0,0,17,0,0,0,0,0,0,0,-11,0,-7,0,0,0,0,0,0,0,0,0,0,0,0,0,5,0,0
0,0,0,0,0,0,0,0,0,0,0,0,0,0,0,0,0,0,0,0,0,0,0,0,0,0,0,0.0989000052213669,0,0,0
0,0,4,0,-12,0,0,0,0.020499587059021,0,0,0,26,0,-14,0,0,0,0,0,0,0,0,0,0,0,0,0,-1,0,-0.0233325958251953
0,0,-4,0,14,0,0,0,-0.020499587059021,0,0,0,-14,0,1,0,0,0,0,0,0,0,0,0,0,0,0,0,1,0,0
0,0,0,0,-2,0,0,0,0,0,0,0,-12,0,13,0,0,0,0,0,0,0,0,0,0,0,0,0,0,0,0
0,0,0,0,0,0,0,0,0,0,0,0,0,0,0,0,0,0,0,0,0,0,0,0,0,0,0,0,0,0,0.0233325958251953
0,0,0,0,0,0,0,0,0,0,0,0,0,0,0,0,0,0,0,0,0,0,0,0,0,0,0,0,0,0,-0.0233325958251953
0,0,3,0,22,0,0,0,0.020499587059021,0,0,0,-23,0,-1,0,0,0,0,0,0,0,0,0,0,0,0,0,8,0,0
0,0,0,0,0,0,0,0,0,0,0,0,0,0,0,0,0,0,0,0,0,0,0,0,0,0,0,0,8,0,0.051666259765625
0,0,0,0,0,0,0,0,0,0,0,0,0,0,0,0,0,0,0,0,0,0,0,0,0,0,0,0,0,0,-0.0233325958251953
0,0,0,0,-2,0,0,0,0,0,0,0,-12,0,13,0,0,0,0,0,0,0,0,0,0,0,0,0,0,0,0
0,0,0,0,0,0,0,0,0,0,0,0,0,0,0,0,0,0,0,0,0,0,0,0,0,0,0,0,0,0,0
0,0,0,0,-2,0,0,0,0,0,0,0,-12,0,13,0,0,0,0,0,0,0,0,0,0,0,0,0,0,0,0
-68,0,78,0,-14,0,0.0611739158630371,-0.329000025987625,-0.10800713300705,-0.017009824514389,0,0,14,0,-1,-13.9099998474121,0,1.92000007629395,0,-7.89337015151978,-39.9014129638672,0,0,365.818450927734,0,-19.9305801391602,-7080.451171875,-0.136400002986193,-1,0.316746234893799,-0.228334426879883
0,0,10,0,7,0,0,0,-0.0552902221679688,0,0,0,1,0,-8,0,0,0,0,0,0,0,0,0,0,0,0,0.0664000026881695,0,0,0.0900001525878906
0,0,0,0,0,0,0,0,0,0,0,0,0,0,0,0,0,0,0,0,0,0,0,0,0,0,0,0,0,0,0
0,0,-4,0,14,0,0,0,-0.020499587059021,0,0,0,-14,0,1,0,0,0,0,0,0,0,0,0,0,0,0,0,9,0,0.051666259765625
0,0,0,0,0,0,0,0,0,0,0,0,0,0,0,0,0,0,0,0,0,0,0,0,0,0,0,0,0,0,0
0,0,0,0,0,0,0,0,0,0,0,0,0,0,0,0,0,0,0,0,0,0,0,0,0,0,0,0,0,0,0
0,0,0,0,0,0,0,0,0,0,0,0,0,0,0,0,0,0,0,0,0,0,0,0,0,0,0,0,0,0,0
0,0,0,0,0,0,0,0,0,0,0,0,0,0,0,0,0,0,0,0,0,0,0,0,0,0,0,-0.0989000052213669,0,0,-0.114999771118164
0,0,0,0,0,0,0,0,0,0,0,0,0,0,0,0,0,0,0,0,0,0,0,0,0,0,0,0,0,0,0
0,0,-4,0,-18,0,0.194416999816895,0,-0.037161111831665,0,0,38,-21,2.11999988555908,0,-3.77000045776367,0,3.23000001907349,0,-5.51913642883301,8.33766174316406,0,0,-8.65019226074219,0,-18.6792339086533,-5979.056640625,0,0,0.00900888442993164,0
0,0,3,0,22,0,0,0,0.020499587059021,0,0,0,-23,0,-1,0,0,0,0,0,0,0,0,0,0,0,0,0,-8,0,-0.051666259765625
0,0,-3,0,-22,0,0,0,-0.020499587059021,0,0,0,23,0,1,0,0,0,0,0,0,0,0,0,0,0,0,0,8,0,0
0,0,0,0,0,0,0,0,0,0,0,0,0,0,0,0,0,0,0,0,0,0,0,0,0,0,0,0,-1,0,0
0,0,0,0,0,0,0,0,0,0,0,0,0,0,0,0,0,0,0,0,0,0,0,0,0,0,0,0,0,0,0
0,0,0,0,0,0,0,0,0,0,0,0,0,0,0,0,0,0,0,0,0,0,0,0,0,0,0,0,0,0,0
0,0,0,0,0,0,0,0,0,0,0,0,0,0,0,0,0,0,0,0,0,0,0,0,0,0,0,0,0,0,0
0,0,3,0,22,0,0,0,0.020499587059021,0,0,0,-23,0,-1,0,0,0,0,0,0,0,0,0,0,0,0,0,-9,0,0
-60,0,10,0,-11,0,0.0630903244018555,-0.0650000274181366,-0.0400874614715576,0,0,0,13,0,-2,-12.6099996566772,0,4.09999990463257,0,-5.98900198936462,7.724853515625,0,0,60.9462890625,0,-15.8587713241577,-3769.03515625,-0.0761000066995621,-9,-0.268116474151611,0.0216655731201172
0,0,-3,0,2,0,-0.0630903244018555,0,0.0437926650047302,0,0,11,-17,0,3,0,0,0,0,0,0,0,0,0,0,0,0,0.000800006091594696,0,0,0
0,0,-3,0,-22,0,0.0630903244018555,0,-0.0437926650047302,0,0,13,-5,0,13,0,0,0,0,0,0,0,0,0,0,0,0,0,0,0,0
0,0,0,0,0,0,0,0,0,0,0,0,0,0,0,0,0,0,0,0,0,0,0,0,0,0,0,0,0,0,0.00333404541015625
0,0,0,0,0,0,0,0,0,0,0,0,0,0,0,0,0,0,0,0,0,0,0,0,0,0,0,0,0,0,0
0,0,6,0,-18,0,0,0,0,0,0,32,-6,0,-8,0,0,0,0,0,0,0,0,0,0,0,0,0,0,0,-0.029998779296875
0,0,0,0,0,0,0,0,0,0,0,0,0,0,0,0,0,0,0,0,0,0,0,0,0,0,0,-0.000800006091594696,0,0,0
0,0,-6,0,18,0,0,0,0,0,0,-32,6,0,8,0,0,0,0,0,0,0,0,0,0,0,0,0,0,0,0
0,0,6,0,-18,0,0,0,0,0,0,32,-6,0,-8,0,0,0,0,0,0,0,0,0,0,0,0,-0.000800006091594696,0,0,0.029998779296875
0,0,3,0,-10,0,0,0,0,0,0,4,1,0,5,0,0,0,0,0,0,0,0,0,0,0,0,0,0,0,0.0483322143554688
0,0,0,0,0,0,0,0,0,0,0,0,0,0,0,0,0,0,0,0,0,0,0,0,0,0,0,0,0,0,-0.00166702270507812
0,0,0,0,0,0,0,0,0,0,0,0,0,0,0,0,0,0,0,0,0,0,0,0,0,0,0,0,0,0,0
0,0,-4,0,-18,0,0.194416999816895,0,-0.037161111831665,0,0,38,-21,2.11999988555908,0,-3.77000045776367,0,3.23000001907349,0,0,0,0,0,0,0,0,-5979.056640625,0,0,0.00900888442993164,0
-60,0,-13,0,-44,24,0.075949490070343,0.0379999876022339,-0.0915214419364929,0.0872935205698013,0,20,-32,0,-9,-21.4499998092651,0,2.30999994277954,0,-5.88271522521973,-29.6103515625,0,0,-30.1834869384766,0,-19.9305801391602,-7958.35949707031,-0.161700003314763,57,0.216216564178467,0.143333435058594
0,0,0,0,0,0,0,0,0,0,0,0,0,0,0,0,0,0,0,0,0,0,0,0,0,0,0,0,0,0,0
0,0,0,0,0,0,0,0,0,0,0,0,0,0,0,0,0,0,0,0,0,0,0,0,0,0,0,0,0,0,0.236665725708008
0,0,3,0,-11,-14,0,0,0.0845906734466553,0,0,10,9,0,17,0,0,0,0,-0.377352595329285,-6.82704162597656,0,0,-28.978515625,0,1.35864090919495,-28.2293701171875,0,-29,0,-0.283332824707031
0,0,0,0,0,0,0,0,0,0,0,0,0,0,0,0,0,0,0,0,0,0,0,0,0,0,0,0,0,0,-0.236665725708008
0,0,0,0,0,0,0,0,0,0,0,0,0,0,0,0,0,0,0,0,0,0,0,0,0,0,0,0,0,0,0.236665725708008
0,0,3,0,-11,-14,0,0,0.0845906734466553,0,0,10,9,0,17,0,0,0,0,0,0,0,0,0,0,0,-28.2293701171875,0,0,0,0
0,0,0,0,0,0,0,0,0,0,0,0,0,0,0,0,0,0,0,0,0,0,0,0,0,0,0,0,0,0,-0.236665725708008
0,0,-3,0,-5,13,0,0,-0.0845906734466553,0,0,-30,12,0,-12,0,0,0,0,0,0,0,0,0,0,0,28.2293701171875,0,-20,0,-0.236665725708008
0,0,3,0,-11,-14,0,0,0.0845906734466553,0,0,10,9,0,17,0,0,0,0,-0.377352595329285,-6.82704162597656,0,0,-28.978515625,0,1.35864090919495,-28.2293701171875,0,0,0,-0.283332824707031
0,0,3,0,-11,-14,0,0,0.0845906734466553,0,0,10,9,0,17,0,0,0,0,-0.377352595329285,-6.82704162597656,0,0,-28.978515625,0,1.35864090919495,-28.2293701171875,0,0,0,-0.268333435058594
0,0,1,0,9,-4,0,0,0,0,0,18,8,0,-10,0,0,0,0,0,0,0,0,0,0,0,0,0,0,0,0
0,0,0,0,0,0,0,0,0,0,0,0,0,0,0,0,0,0,0,0,0,0,0,0,0,0,0,0,0,0,0
0,0,0,0,0,0,0,0,0,0,0,0,0,0,0,0,0,0,0,0,0,0,0,0,0,0,0,0,0,0,0
0,0,0,0,0,0,0,0,0,0,0,0,0,0,0,0,0,0,0,0,0,0,0,0,0,0,0,0,0,0,0
0,0,0,0,0,0,0,0,0,0,0,0,0,0,0,0,0,0,0,0,0,0,0,0,0,0,0,0,0,0,0
0,0,0,0,0,0,0,0,0,0,0,0,0,0,0,0,0,0,0,0,0,0,0,0,0,0,0,0,0,0,0
-60,0,-3,0,-31,0,0.075949490070343,0.0379999876022339,0.00065845251083374,0.0955778509378433,0,50,-10,0,-9,-21.4499998092651,0,2.30999994277954,0,-6.26006782054901,-36.4373931884766,0,0,-59.1620025634766,0,-18.5719392299652,-7986.5888671875,-0.0869000032544136,9,0.196409702301025,0.0716667175292969
0,0,0,0,0,0,0,0,0,0,0,0,0,0,0,0,0,0,0,0,0,0,0,0,0,0,0,0,0,0,0
0,0,0,0,0,0,0,0,0,-0.0239527076482773,0,0,0,0,0,0,0,0,0,0,0,0,0,0,0,0,0,0,0,0,-0.00666618347167969
0,0,0,0,0,0,0,0,0,-0.0239527076482773,0,0,0,0,0,0,0,0,0,0,0,0,0,0,0,0,0,0,0,0,-0.190000534057617
0,0,0,0,0,0,0,0,0,0,0,0,0,0,0,0,0,0,0,0,0,0,0,0,0,0,0,0,0,0,0
0,0,0,0,0,0,0,0,0,0,0,0,0,0,0,0,0,0,0,0,0,0,0,0,0,0,0,0,0,0,0.183334350585938
0,0,0,0,0,0,0,0,0,0.0239527076482773,0,0,0,0,0,0,0,0,0,0,0,0,0,0,0,0,0,0,0,0,0.00666618347167969
0,0,0,0,0,0,0,0,0,0,0,0,0,0,0,0,0,0,0,0,0,0,0,0,0,0,0,0,0,0,0
0,0,0,0,0,0,0,0,0,0,0,0,0,0,0,0,0,0,0,0,0,0,0,0,0,0,0,0,0,0,0
0,0,-5,0,-1,0,0,0,0,0,0,-7,10,0,-1,0,0,0,0,0,0,0,0,0,0,0,0,0,-10,0,0.0166664123535156
0,0,0,0,0,0,0,0,0,0,0,0,0,0,0,0,0,0,0,0,0,0,0,0,0,0,0,0,0,0,-0.0166664123535156
0,0,0,0,0,0,0,0,0,0,0,0,0,0,0,0,0,0,0,0,0,0,0,0,0,0,0,0,0,0,-0.0166664123535156
0,0,0,0,0,0,0,0,0,0,0,0,0,0,0,0,0,0,0,0,0,0,0,0,0,0,0,0,0,0,0
0,0,0,0,0,0,0,0,0,0,0,0,0,0,0,0,0,0,0,0,0,0,0,0,0,0,0,0,0,0,0
0,0,10,0,-9,0,0,0,0,0,0,5,12,0,-7,0,0,0,0,0,0,0,0,0,0,0,0,0,-10,0,-0.183334350585938
0,0,0,0,0,0,0,0,0,0,0,0,0,0,0,0,0,0,0,0,0,0,0,0,0,0,0,0,0,0,0
0,0,8,0,6,0,0,0,0,0.0239527076482773,0,7,0,0,-12,0,0,0,0,0,0,0,0,0,0,0,0,0,-10,0,-0.151668548583984
0,0,0,0,0,0,0,0,0,0,0,0,0,0,0,0,0,0,0,0,0,0,0,0,0,0,0,0,0,0,0
0,0,0,0,0,0,0,0,0,0,0,0,0,0,0,0,0,0,0,0,0,0,0,0,0,0,0,0,0,0,0
0,0,0,0,0,0,0,0,0,0,0,0,0,0,0,0,0,0,0,0,0,0,0,0,0,0,0,0,0,0,0
0,0,0,0,0,0,0,0,0,0,0,0,0,0,0,0,0,0,0,0,0,0,0,0,0,0,0,0,10,0,0
0,0,0,0,0,0,0,0,0,0,0,0,0,0,0,0,0,0,0,0,0,0,0,0,0,0,0,0,0,0,-0.183334350585938
0,0,10,0,-9,0,0,0,0,0,0,5,12,0,-7,0,0,0,0,0,0,0,0,0,0,0,0,0,-10,0,0
0,0,-8,0,6,0,0,-0.0160000324249268,0,0,0,1,-5,0,-3,0,0,0,0,0,0,0,0,0,0,0,0,0,0,0.0219135284423828,0
0,0,0,0,0,0,0,0,0,0,0,0,0,0,0,0,0,0,0,0,0,0,0,0,0,0,0,0,0,0,0
0,0,0,0,0,0,0,0,0,0,0,0,0,0,0,0,0,0,0,0,0,0,0,0,0,0,0,0,0,0,0
0,0,0,0,0,0,0,0,0,0,0,0,0,0,0,0,0,0,0,0,0,0,0,0,0,0,0,0,0,0,0
0,0,10,0,-9,0,0,0,0,0.0239527076482773,0,5,12,0,-7,0,0,0,0,0,0,0,0,0,0,0,0,0,-10,0,0.0316658020019531
0,0,0,0,0,0,0,0,0,-0.0239527076482773,0,0,0,0,0,0,0,0,0,0,0,0,0,0,0,0,0,0,10,0,-0.190000534057617
0,0,0,0,2,0,0,0,0,0,0,0,12,0,-13,0,0,0,0,0,0,0,0,0,0,0,0,0,0,0,0
0,0,1,0,27,0,0,0,0,0.00890873372554779,0,0,-23,0,-6,0,0,0,0,0,0,0,0,0,0,0,0,-0.0989000052213669,-1,-0.00155925750732422,-0.00333404541015625
0,0,0,0,0,0,0,0,0,-0.00890873372554779,0,0,0,0,0,0,0,0,0,0,0,0,0,0,0,0,0,0,0,0,0.0233345031738281
0,0,0,0,0,0,0,0,0,0,0,0,0,0,0,0,0,0,0,0,0,0,0,0,0,0,0,0,0,0,0
0,0,2,0,-34,0,0,0,0,0,0,0,38,0,-3,0,0,0,0,0,0,0,0,0,0,0,0,0.0346000045537949,0,0,0
-60,0,7,0,-39,0,0.0630903244018555,-0.0650000274181366,-0.0400874614715576,-0.00890873372554779,0,7,23,0,10,-12.6099996566772,0,4.09999990463257,0,-5.98900198936462,7.724853515625,0,0,60.9462890625,0,-15.8587713241577,-3769.03515625,0.0227999985218048,0,-0.266557216644287,0.0566673278808594
0,0,0,0,0,0,0,0,0,0,0,0,0,0,0,0,0,0,0,0,0,0,0,0,0,0,0,0,0,0,0
0,0,0,0,0,0,0,0,0,0,0,0,0,0,0,0,0,0,0,0,0,0,0,0,0,0,0,0,0,0,0
0,0,0,0,0,0,0,0,0,0,0,0,0,0,0,0,0,0,0,0,0,0,0,0,0,0,0,0,0,0,0
0,0,5,0,0,0,0,0,0,0,0,0,0,0,-2,0,0,0,0,0,0,0,0,0,0,0,0,-0.0954999998211861,2,0,-0.0466670989990234
0,0,0,0,0,0,0,0,0,0,0,0,0,0,0,0,0,0,0,0,0,0,0,0,0,0,0,-0.0989000052213669,0,0,0
0,0,-4,0,-15,0,0,0,0,0,0,0,3,0,12,0,0,0,0,0,0,0,0,0,0,0,0,0,12,-0.00155925750732422,0
0,0,0,0,-2,0,0,0,0,0,0,0,-12,0,13,0,0,0,0,0,0,0,0,0,0,0,0,0.0989000052213669,0,0,0
0,0,0,0,2,0,0,0,0,0,0,0,12,0,-13,0,0,0,0,0,0,0,0,0,0,0,0,-0.0989000052213669,8,0,0
-75,0,37,0,4,0,0.0839211344718933,-0.16100001335144,-0.085794985294342,-0.00074160099029541,0,0,0,0,-5,-18.9099998474121,0,16.9200000762939,0,-0.120391368865967,81.8122482299805,0,0,297.913665771484,0,23.3811950683594,-5456.90283203125,0.0736000090837479,-9,0.0860447883605957,-0.158334732055664
0,0,-5,0,1,0,0,0,0,0,2,0,0,0,-4,0,0,0,0,0,0,0,0,0,0,0,0,0,0,0,0.0133342742919922
0,0,-1,0,13,0,0,0,0,0,0,0,-12,0,-1,0,0,0,0,0,0,0,0,0,0,0,0,-0.109300008043647,0,0,0
0,0,0,0,0,0,0,0,0,0,0,0,0,0,0,0,0,0,0,0,0,0,0,0,0,0,0,0,0,0,0
0,0,0,0,0,0,0,0,0,0,0,0,0,0,0,0,0,0,0,0,0,0,0,0,0,0,0,0,0,0,0
0,0,-4,0,-15,0,0,0,0,0,0,0,3,0,12,0,0,0,0,0,0,0,0,0,0,0,0,0,4,-0.00155925750732422,0
0,0,0,0,0,0,0,0,0,0,0,0,0,0,0,0,0,0,0,0,0,0,0,0,0,0,0,0,0,0,0
0,0,0,0,0,0,0,0,0,0,0,0,0,0,0,0,0,0,0,0,0,0,0,0,0,0,0,0,0,0,0
0,0,0,0,0,0,0,0,0,0,0,0,0,0,0,0,0,0,0,0,0,0,0,0,0,0,0,0,0,0,0
0,0,0,0,0,0,0,0,0,0,0,0,0,0,0,0,0,0,0,0,0,0,0,0,0,0,0,0,0,0,0
0,0,0,0,0,0,0,0,0,0,0,0,0,0,0,0,0,0,0,0,0,0,0,0,0,0,0,0,0,0,0
0,0,0,0,0,0,0,0,0,0,0,0,0,0,0,0,0,0,0,0,0,0,0,0,0,0,0,0,2,0,-0.0466670989990234
0,0,5,0,2,0,0,0,0,0,0,0,12,0,-15,0,0,0,0,0,0,0,0,0,0,0,0,0,0,0,0
-61,0,-10,0,-37,0,0.194416999816895,-0.0300000309944153,0.0159685611724854,0.0277738273143768,0,10,-11,2.11999988555908,3,-3.77000045776367,0,3.23000001907349,0,-5.69393301010132,-20.0232467651367,0,0,-8.36631774902344,0,-18.7948459386826,-7505.115234375,-0.161700003314763,39,-0.161026954650879,0.358333587646484
0,0,-5,0,-2,0,0,0,0,0,0,0,-12,0,15,0,0,0,0,0,0,0,0,0,0,0,0,0,-2,0,0.0233345031738281
0,0,4,0,-12,0,0,0,0.020499587059021,0,0,0,26,0,-14,0,0,0,0,0,0,0,0,0,0,0,0,0,-2,0,0.0233345031738281
0,0,0,0,0,0,0,0,0,0,0,0,0,0,0,0,0,0,0,0,0,0,0,0,0,0,0,0,0,0,-0.0233325958251953
-140,0,160,0,-45,0,-0.445424757897854,-0.331000030040741,-0.275849044322968,0.298545822501183,0,100,-35,0,-21,-22.9099998474121,0,-2.07999992370605,0,-7.89337015151978,-93.7409896850586,0,0,-257.787689208984,0,-19.9305801391602,-9863.30635690689,-0.0447999984025955,-5,1.77671384811401,-0.161666870117188
0,0,-26,0,0,0,0,0,-0.146605610847473,0,0,0,0,0,0,0,0,0,0,0,0,0,0,0,0,0,0,-0.00930000003427267,0,0,0
0,0,0,0,0,0,0,0,0,0,0,0,0,0,0,0,0,0,0,0,0,0,0,0,0,0,0,0,0,0,0
0,0,0,0,0,0,0,0,0,0,0,0,0,0,0,0,0,0,0,0,0,0,0,0,0,0,0,0,0,0,-0.176668167114258
0,0,1,0,0,4,0,0,0,0,12,-23,0,0,0,0,0,0,0,0,0,0,0,0,0,0,0,0,0,0,0
0,0,0,0,0,0,0,0,0,0,0,0,0,0,0,0,0,0,0,0,0,0,0,0,0,0,0,0,0,0,0.176668167114258
0,0,2,0,0,-14,0,0,0,0,0,-1,0,0,0,0,0,0,0,0,0,0,0,0,0,0,0,0,-3,0,-0.176668167114258
0,0,0,0,0,0,0,0,0,0,0,0,0,0,0,0,0,0,0,0,0,0,0,0,0,0,0,0,0,0,0
0,0,0,0,0,0,0,0,0,0,0,0,0,0,0,0,0,0,0,0,0,0,0,0,0,0,0,0,0,0,-0.176668167114258
0,0,1,0,0,-27,0.0905316919088364,-0.0509999990463257,-0.0015532374382019,-0.0103266835212708,0,19,9,2.07999992370605,0,9.36999988555908,8.32999992370605,1.03999996185303,0,-15.3527555465698,-6.31848382949829,0,0,0,0,-4.39354515075684,1.32794189453125,0,-19,-0.11225414276123,-0.0966663360595703
0,0,0,0,0,0,0,0,0,0,0,0,0,0,0,0,0,0,0,0,0,0,0,0,0,0,0,0,-14,0,0
0,0,0,0,0,0,0,0,0,0,0,0,0,0,0,0,0,0,0,0,0,0,0,0,0,0,0,0,14,0,-0.0566673278808594
0,0,11,0,0,5,0,0,-0.0892021656036377,0,0,56,0,0,0,0,0,0,0,0,0,0,0,0,0,0,-3.06572341918945,0,0,0,-0.385000228881836
0,0,0,0,0,0,0,0,0,0,0,0,0,0,0,0,0,0,0,0,0,0,0,0,0,0,0,0,0,0,0
0,0,3,0,0,0,0,0,0,0,0,0,0,0,0,0,0,0,0,0,0,0,0,0,0,0,0,0,0,0.109292030334473,0.0149993896484375
0,0,-19,0,0,0,-0.0122305080294609,-0.06700000166893,-0.0939491987228394,0.0160640180110931,0,0,0,0,0,0,0,0,0,0,0,0,0,0,0,0,0.0291898548603058,0,0,-0.587498664855957,-0.151666641235352
0,0,0,0,0,0,0,0,0,0,0,0,0,0,0,0,0,0,0,0,0,0,0,0,0,0,0,0,0,0,0
0,0,5,0,0,0,-0.00837047398090363,0.0419999957084656,-0.0173408389091492,0.0082496702671051,0,0,0,0,0,0,0,0,0,0,0,0,0,0,0,0,0.817475765943527,0,0,-0.9571533203125,-0.0650005340576172
0,0,1,0,0,0,0.0100395381450653,0,-0.0713905692100525,0,0,0,0,0,0,0,0,0,0,0,0,0,0,0,0,0,0,0,0,0,0
0,0,0,0,0,0,0,0,0,0,0,0,0,0,0,0,0,0,0,0,0,0,0,0,0,0,0,0,0,0,-0.0499992370605469
0,0,42,0,0,0,-0.0137660056352615,-0.0600000023841858,0.117655694484711,0.006308913230896,0,0,0,0,0,0,0,0,0,0,0,0,0,0,0,0,0.288892805576324,0,0,1.32031536102295,-0.00166702270507812
0,0,0,0,0,0,0,0,0,0,0,0,0,0,0,0,0,0,0,0,0,0,0,0,0,0,0,0,0,0,0
0,0,-1,0,0,0,-0.0100395381450653,0,0.0713905692100525,0,0,0,0,0,0,0,0,0,0,0,0,0,0,0,0,0,0,0,0,0,-0.0316658020019531
0,0,0,0,0,0,0,0,0,0,0,0,0,0,0,0,0,0,0,0,0,0,0,0,0,0,0,0,0,0,0
0,0,0,0,0,0,0,0,0,0,0,0,0,0,0,0,0,0,0,0,0,0,0,0,0,0,0,0,0,0,0.00666618347167969
0,0,0,0,0,0,0,0,0,0,0,0,0,0,0,0,0,0,0,0,0,0,0,0,0,0,0,0,0,0,0
96,0,491,0,53,0,0.679682321846485,-0.061999998986721,0.15916234254837,-0.289945557713509,0,-100,47,0,0,16,12,62,4,0,65.7867813110352,0,0,154.683074951172,351.000854492188,1721.64135742188,7336.83286768198,0.0007999999797903,0,-7.01584100723267,-2.875
